id,Domain,Status,Attractiveness,Demand,Length,Registrar,Created,Expires
0a398bd0-acdc-40b5-a98e-4654b631249a,repair.ai,resell,84,80,6,"GoDaddy.com, LLC",16/12/2017 03:50,24/05/2026 03:50
f1e9d412-0022-41f8-9352-58713013318f,repair.app,resell,84,80,6,Squarespace Domains II LLC.,04/05/2018 16:00,04/05/2026 16:00
2233e2a9-19a1-441a-80ac-02a7549c1daf,repair.at,premium,84,80,6,,,
c2c84d9a-9df3-4143-91f8-a327c559b837,repair.co,resell,84,80,6,1API GmbH,09/09/2010 15:11,08/09/2025 23:59
666a79a1-c25b-4700-a884-b25e790c0c80,repair.com,expiring,84,80,6,"CSC Corporate Domains, Inc.",29/07/1995 04:00,28/07/2025 04:00
9045aa4b-73df-4078-b986-5c91df8109da,repair.dev,premium,84,80,6,,,
477eb4d2-b61b-403b-b544-c93e64674398,repair.expert,resell,84,80,6,"GoDaddy.com, LLC",04/11/2016 16:09,04/11/2025 16:09
0bc0cecc-44eb-49d8-bcb4-422e60f44cfa,repair.io,resell,84,80,6,Key-Systems GmbH,24/05/2014 00:30,24/05/2026 00:30
51f73fd4-c272-4b0a-8d08-e50866bc9881,repair.it,resell,84,80,6,,12/10/2005 00:00,07/10/2025 00:00
3f6f355a-c7ac-4cac-a0f2-6e9df21d968f,repair.ninja,resell,84,80,6,"Global Domains International, Inc. DBA DomainCostClub.com",28/05/2014 17:00,28/05/2026 17:00
3dae82c1-76fd-4189-9e29-26552d3066cf,repair.online,premium,84,80,6,,,
cfe54831-142f-435f-a652-8b4051486a91,repair.site,premium,84,80,6,,,
9e61ce94-05d8-46b9-9253-fa0304b9a5ce,repair.space,premium,84,80,6,,,
262f21bb-fee8-4f7f-99cf-287dfbe74004,repair.store,premium,84,80,6,,,
0e31e11f-4655-4b2a-84d7-3caa47c76a54,repair.tech,premium,84,80,6,,,
6f4ef378-ed93-4dfc-bb14-76f9f3d5801a,repair.us,resell,84,80,6,"Name.com, Inc.",24/04/2002 14:03,23/04/2026 23:59
14dc11d4-490b-49b2-8fe9-1b2b703b7801,repair.xyz,resell,84,80,6,"Go Daddy, LLC",14/08/2021 14:43,14/08/2025 23:59
56646dc6-fa4e-4845-ac52-9467dd61545d,cars.at,available,66,56,4,,,
00b9e84a-d360-479d-880e-979227d0112c,cars.cloud,resell,66,56,4,"Name.com, Inc.",23/02/2016 05:02,23/02/2026 05:02
cab9e14e-d1a5-4c53-8b40-1e9eaa843811,cars.co,resell,66,56,4,Hello Internet Corp.,24/02/2010 23:17,23/02/2026 23:59
eefe66fd-69e2-4d2a-a52c-81f4190a8399,cars.gg,resell,66,56,4,West263 International Limited (http://www.west263.hk),,
dbe0e7f7-6e9e-49c8-9057-5fb29ad2ecbb,cars.online,premium,66,56,4,,,
31093d53-69b1-4f9b-9f22-31d9e6029152,cars.site,premium,66,56,4,,,
17470c31-c663-4c94-b360-801fae24e715,cars.space,premium,66,56,4,,,
53af6853-724d-46dc-a6bc-0f929221fe50,cars.store,resell,66,56,4,Dotserve Inc,23/12/2016 11:20,23/12/2029 23:59
9f4f5d87-045c-46fe-8901-f70243fc2a73,cars.tech,premium,66,56,4,,,
0ad639d5-f437-4706-aa36-1babcef9ca4f,cars.xyz,expiring,66,56,4,"NameSilo, LLC",30/07/2021 18:48,30/07/2025 23:59
f0fcdfa9-cc7d-4dfc-84eb-03119ed7acdf,cars.zone,expiring,66,56,4,"GoDaddy.com, LLC",17/07/2015 06:58,17/07/2025 06:58
b5245543-ebef-422c-a501-64369dda7f1e,car.accountant,premium,94,40,3,,,
33d2d091-a484-42d0-a4f5-32d05de66332,car.actor,resell,94,40,3,"Spaceship, Inc.",08/03/2025 22:18,08/03/2026 22:18
db91e947-3be8-4f18-8178-080aab4f4ecf,car.adult,premium,94,40,3,,,
48c31234-cdb0-4a3e-8ee5-bd361d60caaf,car.agency,resell,94,40,3,"Sav.com, LLC - 26",09/12/2023 15:15,09/12/2026 15:15
707cdec8-6660-4f01-8710-60c5006755ac,car.apartments,premium,94,40,3,,,
499b97fd-931d-4f8e-b398-4d195a3f2609,car.art,premium,94,40,3,,,
f807ac78-f506-45d7-bc0a-ef573a583a88,car.associates,premium,94,40,3,,,
e09dcd24-acc6-4dd6-ab55-31462f3e7c4b,car.attorney,premium,94,40,3,,,
fe5b1fb7-007c-463b-8e43-9d427043a419,car.auction,premium,94,40,3,,,
43311de4-10c7-4b88-bcfb-c8dc8e599632,car.autos,premium,94,40,3,,,
19dfaa72-81e2-45e2-a740-12b47b1080c9,car.baby,premium,94,40,3,,,
01b43c9a-a794-45a3-9bd2-36f2eff7ac5f,car.band,premium,94,40,3,,,
62308223-f6fa-41ee-b0bc-abc3e4962ee8,car.bayern,premium,94,40,3,,,
2a7a76f5-2a75-4d29-8c9d-a0080c20ce3c,car.beauty,premium,94,40,3,,,
aa0bb4c1-b998-4dd9-bc03-afb1160124d2,car.berlin,resell,94,40,3,,27/11/2015 20:16,27/11/2026 20:16
ba507421-f9ee-46c9-be5c-5c7481270214,car.bet,resell,94,40,3,Dynadot Inc,03/03/2016 16:00,03/03/2026 16:00
28fecd06-bed6-4304-958e-4491daeae5fd,car.bingo,available,94,40,3,,,
4bc8b8bb-86a8-438e-857d-54ac8905e492,car.black,premium,94,40,3,,,
cf20da8a-3380-43a8-b531-a904a2e3058f,car.blackfriday,premium,94,40,3,,,
a9be189f-2817-4ae1-a579-f2330151c282,car.boats,premium,94,40,3,,,
5c1c83d6-e02c-4010-9456-0ec3227a5b62,car.boo,premium,94,40,3,,,
ca22a8c8-dbe8-4cce-a391-c314a9046aef,car.bot,premium,94,40,3,,,
49e7ab17-f3c5-4326-bd44-0d039981c184,car.build,premium,94,40,3,,,
886645e8-7b7c-4e1d-9d0e-64ce9197b8d8,car.builders,premium,94,40,3,,,
ebb208f9-9760-44af-b45a-37473e510a84,car.business,premium,94,40,3,,,
448bc280-399b-4e81-bc15-4644e62651cc,car.cam,premium,94,40,3,,,
78f0246b-3d05-4147-bff9-317bee630250,car.capital,resell,94,40,3,"NameCheap, Inc.",30/09/2024 18:42,30/09/2026 18:42
7ba62415-f99f-4b8c-8d42-d5dbd7f3e516,car.cards,sold,94,40,3,"NameCheap, Inc.",12/12/2025 14:56,12/12/2026 14:56
22e403ac-bb4e-4722-a295-beac2eb912c2,car.care,resell,94,40,3,1API GmbH,05/04/2021 21:57,05/04/2026 21:57
c1719c53-a8a0-4d9c-9ede-0e612a2336d5,car.cars,available,94,40,3,,,
cc35e12f-9cc4-431f-ac46-c5837142951f,car.cash,expiring,94,40,3,"GoDaddy.com, LLC",28/12/2024 23:23,28/12/2025 23:23
3d8c603d-8a18-43ca-a309-4a17d975b7fd,car.catering,premium,94,40,3,,,
1017dcf1-e4e8-4ee9-930c-b00c14e7401f,car.center,premium,94,40,3,,,
b7db3f6b-6012-4f45-8154-5bcad24e752e,car.charity,premium,94,40,3,,,
05d0abd4-b92f-49c8-8502-05cd19340f35,car.cheap,resell,94,40,3,Dynadot Inc,29/07/2015 16:00,29/07/2026 16:00
7f337645-3428-4823-a11b-d519ab673b12,car.christmas,premium,94,40,3,,,
b1338d53-830d-4378-8761-b8c718cce797,car.church,resell,94,40,3,"Global Domains International, Inc. DBA DomainCostClub.com",09/06/2020 12:57,09/06/2026 12:57
09f200ab-4f54-4ba6-b2ed-460e1f130a1b,car.city,resell,94,40,3,"Sav.com, LLC",18/10/2015 23:29,18/10/2026 23:29
349c6b5e-8d95-4967-bb76-18b669749417,car.claims,premium,94,40,3,,,
70937833-88aa-4a6b-85da-6070ef15cd97,car.clinic,resell,94,40,3,"Sav.com, LLC",28/10/2017 05:52,28/10/2026 05:52
61c1e496-6a35-4784-8341-d9ce01efd57a,car.clothing,premium,94,40,3,,,
5a138202-611f-490a-a6fd-3746cdc0fbf3,car.club,resell,94,40,3,"GoDaddy.com, LLC",19/07/2019 21:22,19/07/2026 21:22
2d65d632-9b07-475a-a7dd-f1099d9bbe39,car.co,resell,94,40,3,Dynadot Inc,23/04/2010 08:11,22/04/2027 23:59
315d15c0-1686-444f-a08f-73011dbb84b5,car.coach,resell,94,40,3,"Global Domains International, Inc. DBA DomainCostClub.com",26/08/2025 15:15,26/08/2026 15:15
1b1e5102-4a08-4ffd-a44c-782fea92cec1,car.coffee,resell,94,40,3,Automattic Inc.,16/08/2015 17:20,16/08/2031 17:20
5e3ceef7-f60f-4367-a867-fb0e43089aba,car.college,premium,94,40,3,,,
2c11363b-5b99-4b52-b9f3-6e06457902e5,car.community,expiring,94,40,3,"Sav.com, LLC",09/12/2017 21:05,09/12/2025 21:05
8992f660-7fd1-4e52-a418-7dba5337bf6e,car.company,resell,94,40,3,"Name.com, Inc.",26/06/2015 15:27,26/06/2030 15:27
ae5e51ba-94aa-4049-b7d3-2f2783ae2349,car.construction,premium,94,40,3,,,
ac0b9466-a8aa-46ca-a737-a61e7f97d989,car.contact,resell,94,40,3,"NameCheap, Inc.",07/12/2020 01:25,07/12/2026 01:25
533d904f-060c-40df-a65f-18b3daf530ef,car.cooking,premium,94,40,3,,,
5565c296-2bed-4f56-a4e4-66bb4e6d8fbf,car.country,premium,94,40,3,,,
59496cd4-3ba7-4ca0-8208-8e274dd17827,car.coupons,premium,94,40,3,,,
e17eddae-2ea1-420b-b150-45b106c18aac,car.courses,premium,94,40,3,,,
11bca593-4d72-405e-8a8d-6365cf9bec72,car.credit,premium,94,40,3,,,
32fe8c8b-6eb8-4d3d-b042-52f1e821acc9,car.creditcard,premium,94,40,3,,,
32446dc0-04de-434c-b9da-8b22cefaa27c,car.cricket,premium,94,40,3,,,
d47bc58a-fd90-4385-bff9-6f6a49945bd5,car.cruises,expiring,94,40,3,"Name.com, Inc.",12/01/2016 02:45,12/01/2026 02:45
368bb058-704f-41c8-8e0e-d5e9aec460cd,car.cv,premium,94,40,3,,,
6a99459e-2632-430d-bacd-a6bb6bcbfdc3,car.dad,premium,94,40,3,,,
b144f911-93f2-4c8e-91a4-9b980bed0d59,car.date,premium,94,40,3,,,
8345ad7c-76e2-43cb-9263-00fe83f91945,car.dating,premium,94,40,3,,,
a457a30c-349d-48a4-b9c2-49725b5a351b,car.day,premium,94,40,3,,,
f08eb524-e28f-4fd1-8b16-b03bbf655ce5,car.deal,premium,94,40,3,,,
32b324e9-527a-44f3-9896-6b9845e03129,car.delivery,resell,94,40,3,"GoDaddy.com, LLC",12/10/2016 00:14,12/10/2026 00:14
b5c9df2e-0ba7-42b8-9afc-2a708731f8ec,car.democrat,available,94,40,3,,,
15ed252a-ab8b-40a1-b039-8262f0600702,car.dental,available,94,40,3,,,
27d95440-4916-4b4e-ba97-0465ed9c2b4c,car.dentist,premium,94,40,3,,,
b97c99fb-ba14-4a08-bce7-a397297fcc3a,car.design,expiring,94,40,3,"Sav.com, LLC - 2",14/01/2025 00:02,14/01/2026 00:02
f5104802-913c-471c-a35a-9a28aaf212e7,car.dev,sold,94,40,3,Porkbun LLC,16/11/2025 19:16,16/11/2026 19:16
f1d2d7ee-5a7f-42d0-9f45-5d4f5492d5bf,car.diamonds,available,94,40,3,,,
47287aef-0eb1-42ca-9c14-9d66e2ab8d92,car.diet,premium,94,40,3,,,
dcd5a9fe-87de-435a-b8bf-c37510f81194,car.directory,premium,94,40,3,,,
a7991c3f-477b-4964-ae31-6ca51a611e0a,car.discount,premium,94,40,3,,,
2abff6fe-9457-467e-b59c-3d38acd908b8,car.diy,premium,94,40,3,,,
bfe6c2aa-b5ee-444f-bee0-a5473b2e56d0,car.dog,resell,94,40,3,Automattic Inc.,14/04/2023 15:15,14/04/2031 15:15
aef74ef0-5bab-4e6a-9409-7cdfb19dce59,car.domains,premium,94,40,3,,,
a9df3da6-731a-43e7-b0e7-f2c48408f949,car.download,premium,94,40,3,,,
d09b1fa1-02f0-448e-b0ce-32983f0e641e,car.earth,resell,94,40,3,Porkbun,10/12/2019 15:17,10/12/2026 15:17
bd6d23a6-6fbb-45b5-995b-03431c2ffb8b,car.education,resell,94,40,3,"Sav.com, LLC",20/11/2020 08:15,20/11/2026 08:15
c6789137-94e2-44f9-baa9-1ef90e7113f4,car.email,expired,94,40,3,"Global Domains International, Inc. DBA DomainCostClub.com",03/10/2018 00:03,03/10/2025 00:03
96753872-d988-4ae1-8120-d73af5c07438,car.engineer,premium,94,40,3,,,
92f46be7-38c4-4873-bb87-573b84be5e97,car.engineering,resell,94,40,3,"GoDaddy.com, LLC",16/07/2014 17:24,16/07/2026 17:24
a8a3e700-b1a8-44b9-8c7a-ad77a77f25af,car.enterprises,resell,94,40,3,Porkbun LLC,21/05/2017 04:06,21/05/2026 04:06
7613ff53-5aaa-4831-a923-4fcb31134502,car.esq,premium,94,40,3,,,
bb18cb7d-d49e-49bc-88ba-3de7fe86e2db,car.exchange,resell,94,40,3,Dynadot Inc,28/09/2017 15:58,28/09/2026 15:58
8e1d3970-0f43-480c-b9dc-2b1c47abd12a,car.expert,sold,94,40,3,"GoDaddy.com, LLC",15/07/2015 16:21,15/07/2026 16:21
1c51e0fe-cc4f-4f1c-a39d-6fe5bba6dfdd,car.exposed,premium,94,40,3,,,
334da13f-b24f-4b34-8d5f-1f406cbd0da8,car.express,resell,94,40,3,"Go Australia Domains, LLC",12/07/2015 16:00,12/07/2026 16:00
6145c9c2-df7d-4621-94b0-909530077447,car.faith,premium,94,40,3,,,
34624748-5ebe-4a37-85b3-65a90f779535,car.family,premium,94,40,3,,,
a1b612a5-8687-406b-a546-bdf999d491b3,car.fans,premium,94,40,3,,,
19861343-89ac-4934-b31b-262f70034bc1,car.farm,resell,94,40,3,"Global Domains International, Inc. DBA DomainCostClub.com",20/06/2025 15:15,20/06/2026 15:15
6efdfc92-3507-49be-ba48-443611252f2c,car.fashion,expiring,94,40,3,Sav.com LLC,26/12/2022 00:00,26/12/2025 00:00
44771e68-7562-4fa1-90c6-40e36a0d411c,car.film,premium,94,40,3,,,
80caa74d-1f4c-4ee5-b5ca-add8545046a5,car.financial,resell,94,40,3,Dynadot Inc,23/10/2019 10:13,23/10/2026 10:13
d7bbe06c-2ebb-494b-bf03-5ea9da49c6ad,car.fishing,premium,94,40,3,,,
0acad491-6e7e-4dc2-bbfc-c1b37ffac4bc,car.flights,expiring,94,40,3,"Name.com, Inc.",03/01/2020 18:01,03/01/2026 18:01
2a95ab0b-2f25-49e0-b547-2304018aa232,car.florist,available,94,40,3,,,
bc21e8d4-adc3-4515-87c2-62232c751367,car.flowers,premium,94,40,3,,,
69d6affc-2996-4df1-a6e4-931554f7d6e8,car.foo,premium,94,40,3,,,
0996152f-c6aa-494e-aa96-d14f5f6a21d3,car.food,premium,94,40,3,,,
8bc6afd7-811f-419c-9615-698d842aabbf,car.football,premium,94,40,3,,,
f13430bf-43e8-49bc-b27f-ec6c767abbc1,car.forum,resell,94,40,3,NAMECHEAP,04/06/2025 19:43,04/06/2026 19:43
9209ab95-10cb-4f1a-8e6f-b81bcbd73c62,car.foundation,premium,94,40,3,,,
cc5f3eca-f940-493f-b6dd-b5d6417950a9,car.free,premium,94,40,3,,,
57451641-c522-4e39-b74f-69d92392778b,car.fun,premium,94,40,3,,,
80651786-8412-4a7f-a829-33a6951a9659,car.futbol,available,94,40,3,,,
c302eca1-38fc-446e-8499-9c4bbe0ee499,car.gallery,resell,94,40,3,"GoDaddy.com, LLC",17/06/2015 16:00,17/06/2026 16:00
5e1ac0dc-6ac4-4571-88a9-197a1812b6d6,car.games,premium,94,40,3,,,
90863f22-5bde-4e45-a6a0-a342fdd2bfac,car.garden,expired,94,40,3,"GoDaddy.com, LLC",11/11/2024 00:48,11/11/2025 00:48
e0d28100-8dad-4501-b7ec-7ef20bf0c21a,car.gay,premium,94,40,3,,,
36df5698-3c92-418c-8b9e-a2d83123b671,car.gifts,expiring,94,40,3,1API GmbH,06/01/2020 08:55,06/01/2026 08:55
0dd55659-1cc2-47bc-921a-07ab76da6c32,car.gives,premium,94,40,3,,,
63c31c42-19da-4488-a41a-bd069523bc3d,car.giving,available,94,40,3,,,
720ae968-cc75-4103-895b-30ea29e49a59,car.global,premium,94,40,3,,,
47f5116e-3a98-4392-a44a-0186311a1b1c,car.gmbh,expiring,94,40,3,Porkbun LLC,12/01/2022 13:15,12/01/2026 13:15
0aadc02f-bc51-48ab-9f04-253225b8d5ca,car.gold,resell,94,40,3,"DNSPod, Inc.",12/12/2018 00:10,12/12/2026 00:10
76b2d1c6-cc56-4479-a125-1f906dd9e1de,car.golf,expiring,94,40,3,"GoDaddy.com, LLC",24/12/2023 02:41,24/12/2025 02:41
2ef9f840-a008-4eea-ab17-9bb30b402f1c,car.gratis,premium,94,40,3,,,
2dbb9fa3-a006-417d-ad58-bec64e1e8404,car.gripe,premium,94,40,3,,,
83d71f32-bc14-41fa-b45a-70e7aa59bf84,car.guide,premium,94,40,3,,,
83aab4d2-cc88-40d4-879a-5a6aca0eacfa,car.guitars,available,94,40,3,,,
44240e3c-0424-469b-a9d1-7036d33e9847,car.guru,resell,94,40,3,Porkbun LLC,21/04/2025 09:12,21/04/2026 09:12
961dd9db-00c6-4522-b98f-4083b30ef8b5,car.hair,premium,94,40,3,,,
bf0c08a1-cb9f-4ec2-a2a6-3f935f789e43,car.haus,resell,94,40,3,Porkbun LLC,22/01/2019 16:33,22/01/2026 16:33
f5bc7d9a-c683-4320-9946-dbbd814f15c5,car.healthcare,premium,94,40,3,,,
fae7ba01-3e74-4c62-b0f1-dd47e613f6ce,car.hiv,premium,94,40,3,,,
36bd9c5f-d469-43ac-b38f-8fc9e5dd77c9,car.hockey,available,94,40,3,,,
e09565c7-2226-44e9-bdd4-214dc6c929c9,car.holdings,premium,94,40,3,,,
46c9a06a-f658-496b-b5e0-51ba77414e74,car.homes,premium,94,40,3,,,
b05db590-9357-4f6a-9dec-fdd77f919f47,car.horse,premium,94,40,3,,,
85be7068-481e-414d-bdb7-7ee2055bffc9,car.host,premium,94,40,3,,,
341925dc-4463-4830-8c1f-98ccab3ac426,car.hosting,premium,94,40,3,,,
49681e2e-2855-499f-9033-f765afc35ad8,car.hot,premium,94,40,3,,,
e02a7824-851a-4535-b08f-63a4f96fd819,car.how,premium,94,40,3,,,
295bf8f7-dfaa-49b4-befb-59788f6e733c,car.icu,resell,94,40,3,"Xiamen ChinaSource Internet Service Co., Ltd",14/03/2024 00:03,14/03/2031 23:59
7c71ad53-10a2-4a6a-b701-cd733242722f,car.im,premium,94,40,3,,,
c38e642c-da09-4c71-8bd3-50a50e290605,car.immo,resell,94,40,3,"Sav.com, LLC",27/03/2023 05:07,27/03/2026 05:07
8432d1d4-e587-4f41-8604-e3611dfd8db9,car.immobilien,available,94,40,3,,,
d9528318-4a5d-43a5-baab-e4d687f427d4,car.industries,premium,94,40,3,,,
20209852-3491-4a3f-acf5-6474cf4dfd32,car.international,resell,94,40,3,Porkbun LLC,01/07/2015 01:47,01/07/2026 01:47
c2af337c-aa35-4c95-b79c-845a49f3a954,car.irish,premium,94,40,3,,,
d899bf4a-2403-4ce6-8f41-2c6e7abf50b1,car.it,expired,94,40,3,,03/10/1996 00:00,08/12/2025 00:00
ae6029a6-a298-47c5-b2c5-ef716ea1b0ae,car.jetzt,resell,94,40,3,united-domains GmbH,21/06/2016 10:00,21/06/2026 10:00
ac0ae6d5-9dd2-4b22-9093-fb246d3a0437,car.jewelry,available,94,40,3,,,
bd61e55e-17d6-4af1-97b2-86882b895c90,car.juegos,available,94,40,3,,,
8cf8ea2a-c35b-42e9-b9c4-2d430b277c28,car.kaufen,resell,94,40,3,Mesh Digital Limited,02/12/2014 21:39,02/12/2026 21:39
808f6874-ce26-43b5-b527-50daf0784101,car.kids,premium,94,40,3,,,
727356d9-ab86-4171-b8b9-ceb9bdb7281f,car.kitchen,available,94,40,3,,,
eaf19ca0-6010-494a-92ae-6c579ce2df0f,car.la,resell,94,40,3,TLD Registrar Solutions Ltd,20/11/2000 01:00,20/11/2026 23:59
b2566bd1-85bd-44cc-995f-5eac1103459b,car.lat,resell,94,40,3,"Soluciones Corporativas IP, S.L.",31/07/2015 14:32,31/07/2026 23:59
07700fb3-dfae-4817-8e3d-5f149f5490bd,car.lawyer,premium,94,40,3,,,
47fdcc21-15b1-4eb1-af0e-812aa43f97dd,car.lgbt,available,94,40,3,,,
55023075-b658-44b4-9c2e-90f6b39e966f,car.lifestyle,premium,94,40,3,,,
896a0da3-e751-43e5-acb8-cf791bef7508,car.limo,premium,94,40,3,,,
e3364a07-ed2b-444d-aabd-3e3803d16dda,car.live,resell,94,40,3,"Name.com, Inc.",29/06/2016 05:49,29/06/2026 05:49
a81b2288-776c-492d-917f-027979ca7db9,car.living,premium,94,40,3,,,
e7895076-75a8-40c9-aa76-8ef6828ef17d,car.llc,premium,94,40,3,,,
e91eafcf-3024-439d-8da2-e49f19c1614d,car.loans,resell,94,40,3,"GoDaddy.com, LLC",26/08/2015 16:00,26/08/2026 16:00
1b5c698d-bbdc-4f21-b5b6-96a71ea0bbba,car.locker,premium,94,40,3,,,
80f55432-ed72-4318-a5ab-fbfb5b43a4e9,car.lol,expiring,94,40,3,Namecheap,16/12/2020 23:06,16/12/2025 23:59
bf8792b1-adf2-4864-a0a0-aba416e37e84,car.london,premium,94,40,3,,,
10343a99-25f2-4aeb-8860-769c0cb3a258,car.love,premium,94,40,3,,,
00c74684-dcb3-40b9-9707-b0a72a6bc306,car.ltda,available,94,40,3,,,
2f2b462a-0302-48ac-a9d8-94f027bf0abe,car.luxe,premium,94,40,3,,,
f6dd92d5-74f9-47b3-a9ef-16c687ae4de2,car.luxury,premium,94,40,3,,,
4e11d776-b450-4082-8bf9-9f3dd1cb53dc,car.maison,available,94,40,3,,,
044fab47-8375-4411-903a-ebd651169901,car.makeup,premium,94,40,3,,,
a3b75262-e113-459b-94ff-4f7a101dd4c3,car.market,premium,94,40,3,,,
46e39e6e-4491-4696-a84a-fc80f62f259a,car.mba,resell,94,40,3,"Chengdu West Dimension Digital Technology Co., Ltd.",19/04/2018 00:12,19/04/2026 00:12
6b59133a-a914-4307-84f7-6714a0a417d4,car.media,premium,94,40,3,,,
a299485f-d078-4eed-99c7-4b0390e8c729,car.melbourne,premium,94,40,3,,,
6b4fc913-b121-48b9-a49e-97b816bfba44,car.memorial,premium,94,40,3,,,
b8e75da3-88b8-49f4-9c77-d9c61c01d81d,car.menu,premium,94,40,3,,,
16f657f0-f9c3-47a7-b5b5-63e6aeb3e2a3,car.miami,premium,94,40,3,,,
8b9ac893-341d-4afe-bb06-db2de15b6442,car.mobi,premium,94,40,3,,,
d22f6bf0-65c6-4634-a1db-c78dd40ce2c5,car.moe,resell,94,40,3,Dynadot Inc,05/05/2021 13:18,05/05/2026 13:18
94b9f80b-4a8e-4b24-a288-e4ddfc434fa7,car.mom,sold,94,40,3,Namecheap,09/12/2020 06:47,09/12/2026 23:59
06f30ac5-428b-45f8-8df9-8031089f3457,car.money,premium,94,40,3,,,
7590c310-5d8e-4456-9263-2a0d42ad28d6,car.mortgage,premium,94,40,3,,,
bd06196c-061e-4f11-94ef-28923e3cf639,car.motorcycles,premium,94,40,3,,,
be73ea6b-cd87-43de-be83-c5c1ee684091,car.mov,premium,94,40,3,,,
e457f15a-010f-4a96-94dc-8b01e41767fd,car.movie,available,94,40,3,,,
dd48382f-b16e-48b7-8894-64b816f123a1,car.music,premium,94,40,3,,,
1aed188b-6eeb-4e01-9aa7-384fefbcf659,car.navy,available,94,40,3,,,
357de3bd-a845-4401-a553-fd98cd5aa50d,car.network,resell,94,40,3,"GoDaddy.com, LLC",07/12/2014 16:00,07/12/2026 16:00
0d6cb696-ed1e-44e6-b061-5dbad092e720,car.nexus,premium,94,40,3,,,
9e383cb1-ad63-4c92-9002-884f13fc2b36,car.observer,premium,94,40,3,,,
3546b1fe-9fca-4b2a-b2cb-85ab526daee6,car.online,premium,94,40,3,,,
815eeec7-5ba7-4252-835c-2b1a078b962e,car.organic,available,94,40,3,,,
73193c18-44b7-435e-b179-a3b6fca5dfd2,car.osaka,premium,94,40,3,,,
3df256a8-5429-49f0-a144-f8a52bdf3925,car.partners,premium,94,40,3,,,
cdfd7525-f739-4ebf-8352-add544fd5be9,car.party,premium,94,40,3,,,
311a8d7b-c131-468f-9b94-022a9ea31b81,car.pet,premium,92,40,3,,,
08dd6807-8a7b-4ab3-9d71-26ad9161f42a,car.phd,premium,94,40,3,,,
9fb491fd-e8e4-4e89-80af-466c3f0f1318,car.photo,expiring,94,40,3,"Spaceship, Inc.",30/12/2024 10:16,30/12/2025 10:16
b07c064e-6fa2-4390-b082-9fc30f6d0d88,car.photos,resell,94,40,3,"NameCheap, Inc.",05/09/2018 18:14,05/09/2026 18:14
576b56cb-6568-4103-a964-3103462fb8db,car.pink,premium,94,40,3,,,
68753fe0-f401-423b-a06a-81321ecdb7c3,car.pizza,premium,94,40,3,,,
68593213-ccbd-4eca-b60f-acdf4c57002c,car.place,premium,94,40,3,,,
2418b313-cfc4-46b4-95ea-746bff08cdd0,car.plumbing,available,94,40,3,,,
05312936-d902-415a-b036-44344fb6db28,car.poker,resell,94,40,3,"Xiamen ChinaSource Internet Service Co., Ltd",08/12/2025 15:15,08/12/2026 15:15
03efeee9-0215-482a-8615-4b454b6e4abd,car.press,premium,94,40,3,,,
c6e3bb2d-b1df-46fc-95b6-e02cd90d3d48,car.pro,expiring,94,40,3,"eNom, LLC",13/01/2011 00:00,13/01/2026 00:00
ed7a8f6a-5520-4479-afe2-27cdcff3a59d,car.prof,premium,94,40,3,,,
d7f1bd6e-abe9-44a0-b6f1-e9ddc8de1ed3,car.promo,premium,94,40,3,,,
af09266d-db42-4c2d-8965-e0daf1466176,car.properties,premium,94,40,3,,,
e5414024-13c9-4621-abb3-ff8c300ce0ef,car.property,premium,94,40,3,,,
aa21a73d-66c0-412f-b32c-b46a8482ce55,car.protection,available,94,40,3,,,
837c6d10-fdd7-4cd9-8a42-5a11014b31a3,car.pw,premium,94,40,3,,,
730ea5e5-fdcb-40a9-a714-d3232a708d1d,car.qpon,available,94,40,3,,,
aa0f0f70-1b48-4efd-a697-6cf819b9e4e5,car.quest,premium,94,40,3,,,
3dd3b9b3-1769-4174-9f2d-3c369928baee,car.racing,premium,94,40,3,,,
c09202ae-d1fd-46f6-a9ec-aefcf4b628bf,car.red,premium,94,40,3,,,
b347d69b-26eb-4b06-bc78-6429acb51a95,car.rehab,premium,94,40,3,,,
ef339446-4e24-4ef9-89a2-0fd10b442ebe,car.reise,available,94,40,3,,,
00342484-52b5-4c39-b021-c09b7385bd4c,car.reisen,resell,94,40,3,GoDaddy Online Services Cayman Islands Ltd.,18/10/2015 03:51,18/10/2031 03:51
c35d3b57-90d9-491b-8a89-00c0bd863932,car.rent,premium,94,40,3,,,
93002ce7-3ae9-43f7-be0e-317a95f8146e,car.report,resell,94,40,3,Dynadot Inc,12/02/2018 12:13,12/02/2026 12:13
a790906f-f830-4dd3-baea-3d6db5366178,car.republican,available,94,40,3,,,
7a70302d-18d5-42ca-9a7d-4c8edd6f7e7d,car.rest,premium,94,40,3,,,
64b48c97-0c64-49da-b71a-310e124c6be2,car.restaurant,premium,94,40,3,,,
e4536e70-6fa8-4397-aebc-1e5fb791617f,car.review,premium,94,40,3,,,
7356135b-1c96-4b9b-b17e-f24a9b539dbc,car.rich,available,94,40,3,,,
a96db1f2-8741-4ff7-be0e-fee1af5fe291,car.rip,resell,94,40,3,"Sav.com, LLC",14/11/2024 17:05,14/11/2026 17:05
c3998ce0-1367-42f0-aa90-c1c65f3c3b29,car.rodeo,premium,94,40,3,,,
8d47c30a-18b3-46e3-b763-b2938b64a4d8,car.rsvp,premium,94,40,3,,,
82220ca4-1120-4701-935b-e5a1746fd30e,car.run,resell,94,40,3,"Xiamen ChinaSource Internet Service Co., Ltd",19/08/2015 16:00,19/08/2026 16:00
691bacf6-b24a-4e60-9c10-fc799ec23f8f,car.sale,premium,94,40,3,,,
66ea90be-1a22-47b5-bdcf-be964abf8dc2,car.sarl,premium,94,40,3,,,
ecbc035e-f2d5-4324-93cd-32a95bd1075e,car.school,resell,94,40,3,"Chengdu West Dimension Digital Technology Co., Ltd.",22/08/2016 13:46,22/08/2026 13:46
d5040f08-4f25-4efe-a976-f24805b38958,car.schule,premium,94,40,3,,,
42295267-163a-4f6b-8cdc-9c4ef37bbe7f,car.science,premium,94,40,3,,,
81d23f89-4791-4f3c-aef0-905784dcd3b4,car.security,available,94,40,3,,,
2b148b78-0fbc-4d7c-bcdb-a4d47ad44597,car.services,resell,94,40,3,Dynadot Inc,09/09/2021 17:00,09/09/2026 17:00
cdcb085f-4070-48b2-bd1b-cea8c76a5209,car.sexy,premium,94,40,3,,,
06612ac7-7625-4da1-9d1d-fdeb221d9fd5,car.sh,sold,94,40,3,"NameCheap, Inc.",04/09/2021 14:30,04/09/2027 14:30
44494517-c0d4-40ab-b28a-3d245268ef40,car.shiksha,premium,94,40,3,,,
ff0c92ba-89b1-4626-8152-a40da4ece00b,car.shoes,available,94,40,3,,,
bde479f0-00da-42d5-8579-a2a80fcd7f2f,car.shopping,premium,94,40,3,,,
ffde8dab-75e4-459d-82bf-8206cbc2c9c6,car.show,expiring,94,40,3,"Sav.com, LLC",09/01/2025 08:00,09/01/2026 08:00
61af4a4a-878c-4536-9b37-3c64f15176f9,car.singles,resell,94,40,3,"Global Domains International, Inc. DBA DomainCostClub.com",19/02/2019 15:58,19/02/2026 15:58
5a405b50-8b64-409d-bcce-b4836d82f22a,car.site,premium,94,40,3,,,
7aaad84f-f44c-42aa-860b-d84c82723244,car.ski,premium,94,40,3,,,
14ecba76-e0e8-4f14-a141-4c4bec59c1c0,car.skin,premium,94,40,3,,,
09abea8e-435d-446f-aab9-e0ac36d98fb6,car.soccer,premium,94,40,3,,,
c442ea51-8c76-4401-99d5-56a4be8f6484,car.social,premium,94,40,3,,,
c29aaf8b-315c-4cf6-ba2f-b74359b7b04c,car.software,premium,94,40,3,,,
2f62f395-f244-4690-831a-5a7d41dbd3c7,car.solutions,resell,94,40,3,Porkbun LLC,31/08/2023 19:23,31/08/2026 19:23
be8a4b09-35e5-4ea5-80fa-cfb82fcfe4de,car.soy,premium,94,40,3,,,
6c408b87-3c4e-44ec-9fee-a9824f5638a3,car.space,premium,94,40,3,,,
cc4497d4-c9ff-4a46-bac1-b199c5aa5f7a,car.spot,premium,94,40,3,,,
d8fad51c-b91d-414d-8a69-d0f98512823b,car.srl,resell,94,40,3,IONOS SE,30/10/2024 09:22,30/10/2026 09:22
36eb8828-1cd9-469b-8bce-7670659a84e6,car.store,premium,94,40,3,,,
2aa73a5e-f155-4413-8075-cde90eaed924,car.study,premium,94,40,3,,,
a2bf0b29-2009-47ec-a73f-28bddd5e10be,car.sucks,premium,94,40,3,,,
f97dd25f-0198-4267-a8ea-d46f89cf699c,car.supplies,premium,94,40,3,,,
08feede9-7353-4da5-8713-332d3610d31b,car.supply,premium,94,40,3,,,
d1a6885b-d348-4972-aaec-175a5bc4938f,car.surgery,premium,94,40,3,,,
35893bfe-cef3-4876-a31a-b1db381ef53a,car.sydney,premium,94,40,3,,,
35bf470e-ab6f-4636-8b7c-95e9caf874f1,car.systems,premium,94,40,3,,,
26635bfc-e942-4fad-9812-36c3c7f1c86b,car.talk,premium,94,40,3,,,
35a4c626-87b9-40ec-a033-3a77196f324c,car.tattoo,premium,94,40,3,,,
d898df56-ba4f-48c1-9933-26714d111598,car.tel,resell,94,40,3,RegistryGate GmbH,23/03/2009 00:01,22/03/2026 23:59
b37f48bb-9ded-44da-8c87-b9a6556dc404,car.tennis,available,94,40,3,,,
bc2272da-79c5-4161-a6f4-0baab912d5d9,car.theatre,available,94,40,3,,,
8178a866-183c-43d2-acc0-c518fdcb6729,car.tickets,premium,94,40,3,,,
c20a73a6-bf70-4671-9259-5bde8b75fd0f,car.tienda,resell,94,40,3,Dynadot Inc,30/08/2025 16:40,30/08/2026 16:40
1c516e0d-e0c0-4f5e-8ebb-f7442e0828fe,car.tips,resell,94,40,3,"Blue Razor Domains, LLC",12/07/2015 16:00,12/07/2026 16:00
cf47ca99-e287-4a7e-924d-8722bed8cfcc,car.today,resell,94,40,3,"Spaceship, Inc.",15/09/2020 08:07,15/09/2026 08:07
ced1f1dc-8108-4c1c-9bfb-c9f8c86fd199,car.town,premium,94,40,3,,,
4dac2eb2-facf-4c0f-884d-d7d0d2a6dc05,car.trade,resell,94,40,3,"Global Domains International, Inc. DBA DomainCostClub.com",26/08/2019 20:45,26/08/2029 20:45
1af69603-40dd-4f0e-a7cd-34a42bd9eebe,car.tube,expired,94,40,3,"Latin American Telecom, LLC",08/11/2017 19:27,08/11/2025 19:27
4402f8d6-1b2e-4278-92a8-864e588e41fa,car.uno,premium,94,40,3,,,
4f611791-5166-451d-9f43-d0943729764c,car.vana,premium,94,40,3,,,
01712260-cea2-480c-8a3d-be16696f7d26,car.vc,resell,94,40,3,"Sav.com, LLC",14/09/2008 07:07,14/09/2026 07:07
1ef4cefa-84aa-4452-b265-b415ebcb57dc,car.vegas,premium,94,40,3,,,
bf7b37c5-8104-4c8a-a5a8-175c1f774e4b,car.video,premium,94,40,3,,,
e809d0e3-1744-421e-9b7a-e68029f4de4c,car.villas,premium,94,40,3,,,
b872fc55-363c-4008-9efd-865837c68b4a,car.vodka,premium,94,40,3,,,
3c55d1e7-97f3-40db-86e4-ed916a0f1076,car.voto,resell,94,40,3,"Spaceship, Inc.",30/06/2025 17:13,30/06/2026 17:13
d2b23437-4fda-42c9-86ea-5b048f4b396d,car.watch,resell,94,40,3,"GoDaddy.com, LLC",25/07/2015 13:57,25/07/2026 13:57
184e0457-3dc1-4c2d-aa55-fcde07392a01,car.webcam,premium,94,40,3,,,
f6626e7b-e3a1-4d3c-9b5f-5f1ec161b9b7,car.website,premium,94,40,3,,,
550aa6ac-b3f0-4b45-b3d2-0e75b0db6ffb,car.wedding,premium,94,40,3,,,
27c69545-a715-4270-8506-696b27772d8a,car.wiki,premium,94,40,3,,,
28fbdbfc-14f8-4d57-826c-a511205d4421,car.wine,resell,94,40,3,"Chengdu West Dimension Digital Technology Co., Ltd.",19/03/2017 08:10,19/03/2027 08:10
dd3c4b04-031f-4800-8352-07812a0a757b,car.work,resell,94,40,3,GoDaddy Online Services Cayman Islands Ltd.,19/07/2017 17:32,19/07/2027 17:32
3384efa8-3887-40cd-929c-c27362f860b0,car.works,premium,94,40,3,,,
0031c4e0-04e1-44f7-9cfd-faea5ed93e62,car.wtf,resell,94,40,3,"Chengdu West Dimension Digital Technology Co., Ltd.",02/03/2017 23:30,02/03/2026 23:30
c528de84-2978-42f4-b9a0-fbe0a5440eed,car.yachts,premium,94,40,3,,,
c8cf5a63-7e8f-4a1b-b08c-0ce6cfa1a96e,car.yoga,premium,94,40,3,,,
6d45f0d5-ffc0-43c5-8f21-ff8663438675,car.zip,premium,94,40,3,,,
321796ad-ba7b-4476-9c80-a2bdaf6ee0b7,auto.ac,expired,68,42,4,Key-Systems GmbH,09/12/2012 17:10,09/12/2025 17:10
99db8a90-1476-4cb2-8290-839e826e413e,auto.accountant,premium,68,42,4,,,
71130aab-ca65-436f-9422-240e48c6dd4d,auto.accountants,resell,68,42,4,Dynadot Inc,14/10/2025 19:16,14/10/2026 19:16
396660e3-28ef-49db-bc83-198282cca62a,auto.adult,premium,68,42,4,,,
8aff9ae9-9bfd-4e38-b801-bbcbea16f283,auto.agency,resell,68,42,4,GoDaddy Online Services Cayman Islands Ltd.,25/10/2015 02:52,25/10/2026 02:52
49130f9c-4da2-4b0f-84de-90ab149fdc52,auto.art,premium,68,42,4,,,
d072423c-5355-41f9-8951-b2dc5df5444d,auto.associates,premium,68,42,4,,,
cf6de50f-2b0f-47d1-acd4-eb02542077b5,auto.at,available,68,42,4,,,
f559a61d-b84f-4d1a-b74f-7ba729335a3e,auto.auction,premium,68,42,4,,,
7c0e49bb-9db2-4fb2-addc-5f53a427493e,auto.audio,available,68,42,4,,,
264f57a9-6cf1-403c-9178-f7b8897cad4a,auto.autos,premium,68,42,4,,,
43788ddb-2283-44a9-9482-a72ed3f7407c,auto.baby,premium,68,42,4,,,
d5f912d0-01ab-45d7-82f3-51575a303ae4,auto.bar,premium,68,42,4,,,
de9b8017-8c9c-4390-b46b-a312f370a5ab,auto.bargains,premium,68,42,4,,,
da1c102b-177c-4f06-8232-44d43f44fc66,auto.bayern,premium,68,42,4,,,
109eb063-3a40-4db2-bb09-2f2308943f72,auto.beauty,premium,68,42,4,,,
22f0d442-4383-415e-a8f2-e813a3155d43,auto.berlin,resell,68,42,4,,27/11/2015 20:16,27/11/2026 20:16
212e698e-e53c-4c6d-bc4f-b843bf9188f6,auto.bingo,sold,68,42,4,"Sav.com, LLC - 7",10/12/2025 15:16,10/12/2026 15:16
f742a7d2-8549-49e2-95d5-9c9ec7784dc0,auto.blackfriday,available,68,42,4,,,
b1d129d4-3125-469c-a542-bdbd2d998144,auto.blog,premium,68,42,4,,,
86927053-ce71-489b-b560-cd6ae66a204d,auto.blue,premium,68,42,4,,,
095052af-6f05-412e-9791-7ba3e91dd8f4,auto.boats,premium,68,42,4,,,
adfae8d7-a5ac-4418-bfba-ec2bf37a00f4,auto.bond,resell,68,42,4,Dominet (HK) Limited,15/11/2020 15:35,15/11/2030 23:59
00aa67e7-c775-48c5-b777-3d29c055be96,auto.boo,premium,68,42,4,,,
63a8cca2-8e23-4eea-afe0-18e45abc872a,auto.boston,expiring,68,42,4,"GoDaddy.com, LLC",15/12/2017 16:32,15/12/2025 16:32
deb05f6b-94a2-4f32-b73b-bbe3460029fc,auto.bot,expiring,68,42,4,"NameCheap, Inc",26/12/2024 14:26,26/12/2025 14:26
1d7d99df-41c7-4ec1-b5b0-a5b34919fb9b,auto.builders,premium,68,42,4,,,
9f42537f-4039-42f5-82d2-89238f95ed1e,auto.business,premium,68,42,4,,,
0476fa2c-932b-4482-ac63-19cc5daf5edc,auto.ca,resell,68,42,4,Grape Inc.,27/10/2000 15:50,19/04/2026 04:00
689f5be3-62ca-4625-adf4-9e926f8ff571,auto.cab,expiring,68,42,4,"Sav.com, LLC - 19",20/12/2023 15:16,20/12/2025 15:16
a1476bb4-bf2e-45e6-824b-f634b993fdf5,auto.cafe,expiring,68,42,4,"Chengdu West Dimension Digital Technology Co., Ltd.",18/12/2018 08:22,18/12/2025 08:22
134367b6-48d9-4f46-b415-928e2e577f2f,auto.cam,premium,68,42,4,,,
2b4b4d11-59dc-4f1a-8b46-6e7bfc5a7c60,auto.capital,resell,68,42,4,Dynadot Inc,03/06/2017 01:07,03/06/2027 01:07
df2979eb-7fd6-40a9-ac25-842cceac2fdb,auto.car,available,68,42,4,,,
0cb6ace5-9009-4774-ab39-518dc8cf7adf,auto.care,resell,68,42,4,Dynadot Inc,24/08/2015 20:07,24/08/2026 20:07
34119d21-7a94-4546-8177-6276051fed82,auto.cars,available,68,42,4,,,
779b6871-c929-4904-bb2f-cd014eac4133,auto.cash,resell,68,42,4,"Sav.com, LLC",17/08/2014 16:05,17/08/2026 16:05
cf78480d-8db9-4352-81ee-1594d1cad34e,auto.ceo,premium,68,42,4,,,
bc628956-c055-4ff2-a2e2-621dac518662,auto.cfd,premium,68,42,4,,,
c0d2b5ca-b7d7-4f33-961e-cffcbac9a726,auto.church,resell,68,42,4,"Global Domains International, Inc. DBA DomainCostClub.com",28/04/2020 12:13,28/04/2026 12:13
e9444eee-3035-447a-ae1e-ad1bc3e9b8e5,auto.cleaning,premium,68,42,4,,,
856094a9-52f0-4205-b6f4-9e2e0773028c,auto.click,resell,68,42,4,Porkbun LLC,13/04/2019 22:12,13/04/2026 22:12
e080913c-e35d-4787-bf38-8eb9b2e99ba7,auto.clothing,resell,68,42,4,Dynadot Inc,07/09/2025 17:06,07/09/2026 17:06
abf2cb74-0c9f-48ab-a64a-74e9a61987d8,auto.cloud,resell,68,42,4,Tucows Domains Inc.,12/02/2020 14:39,13/02/2026 14:24
993513b2-8270-4777-986a-127a083843aa,auto.club,resell,68,42,4,"GoDaddy.com, LLC",16/08/2017 19:25,16/08/2026 19:25
5f629a56-7fdd-4024-ad19-2c144b679f5b,auto.college,premium,68,42,4,,,
753aa1c4-2a7b-4dd4-b5be-646b81bafe0c,auto.company,resell,68,42,4,"Spaceship, Inc.",03/09/2019 00:03,03/09/2026 00:03
5d36b51d-ecf8-41a7-a6a7-c163bbcf954c,auto.condos,premium,68,42,4,,,
2b48d53b-9dab-4e0f-9fc9-f9d39c3591c2,auto.contractors,premium,68,42,4,,,
510f4c9d-2716-4fb0-9d29-a8e49c61670e,auto.cooking,premium,68,42,4,,,
75e9474e-6856-416c-905d-e6092bcbd8a6,auto.cool,resell,68,42,4,"Chengdu West Dimension Digital Technology Co., Ltd.",05/09/2017 21:15,05/09/2026 21:15
681f5abd-1ce8-498b-9ddc-436b5b8e75d3,auto.country,premium,68,42,4,,,
b9b100f2-00d0-4bb7-bcf5-37cf73634fa5,auto.coupons,premium,68,42,4,,,
3e2c92c2-5f75-474f-9cf9-7d97cfc5eeea,auto.creditcard,premium,68,42,4,,,
4fc05cf3-38f0-4244-b0ec-3b508ed4b17f,auto.cricket,available,68,42,4,,,
2c785f04-109d-4bee-b64d-09ed08d7cf93,auto.cruises,premium,68,42,4,,,
dfe5e4f1-eb5a-45e3-9b61-c648a1af4bff,auto.cx,resell,68,42,4,West263 International Limited,01/09/2019 00:00,01/09/2027 13:11
3014e075-0fbd-4f44-a292-45f1d44c1fb1,auto.cyou,premium,68,42,4,,,
8c8f70c6-cac4-455b-b5f8-514f2f26d66c,auto.dad,premium,68,42,4,,,
a0684a1a-0676-42d4-a73b-9d672e2303e6,auto.dating,premium,68,42,4,,,
c5a5998b-b064-4a4f-b0ed-9b7b69b83c6e,auto.day,premium,68,42,4,,,
aaf9d753-a5c6-44f0-a4b6-aca420e733db,auto.deal,premium,68,42,4,,,
6a37d035-639a-415d-a2e8-0ba68f7a2297,auto.degree,available,68,42,4,,,
e247f43c-9b98-4b38-8058-f286ae0c4313,auto.delivery,premium,68,42,4,,,
b1f848fa-9982-4f6f-b960-77ae19fc9512,auto.dental,available,68,42,4,,,
05b4a2bb-51e0-4e9e-8709-0131aeb37c9c,auto.dentist,premium,68,42,4,,,
da96d5d0-935e-471a-99d7-a4816f82bcf5,auto.dev,sold,68,42,4,Porkbun LLC,24/07/2021 00:08,24/07/2026 00:08
e658cd43-ed55-4bad-ab1b-9009b826df65,auto.diamonds,available,68,42,4,,,
fcfca018-ae76-41d5-814d-d17ebf7ce9ba,auto.diet,available,68,42,4,,,
944695f5-a6d1-4487-b82c-5155c87df56a,auto.direct,premium,68,42,4,,,
acc31247-95f6-4f8a-9e17-233e6716081a,auto.directory,premium,68,42,4,,,
3f739f47-c434-45f1-a881-25c162e6c235,auto.discount,premium,68,42,4,,,
4b533ea9-4b17-4c1c-ace6-ffd426b6194d,auto.diy,premium,68,42,4,,,
4cbc52ab-ff76-446c-8586-b290e00d1305,auto.doctor,premium,68,42,4,,,
f62696f3-e341-43c2-b771-8c3484224596,auto.dog,premium,68,42,4,,,
1d29d81d-f0c3-4ab6-86cc-11f46fac3c81,auto.download,premium,68,42,4,,,
81ce9675-a883-4f03-9b01-f2bbf8693eb7,auto.education,resell,68,42,4,Porkbun LLC,10/06/2017 04:09,10/06/2026 04:09
d6d13a0c-e234-4a8c-8302-90b9db416b49,auto.email,resell,68,42,4,Edomains LLC,26/10/2025 15:16,26/10/2026 15:16
6ca8b252-e2ba-4b1b-8636-df0762fc5451,auto.energy,premium,68,42,4,,,
3d4ba626-d1fa-4ae2-a3a3-cb9d4157924c,auto.enterprises,resell,68,42,4,"Spaceship, Inc.",19/09/2021 17:01,19/09/2026 17:01
551ab1b7-b1bc-4941-bfa1-0abcaebc8016,auto.esq,premium,68,42,4,,,
75e67a8f-b55e-4c6e-8f6e-ab08d242f35b,auto.estate,expiring,68,42,4,"NameCheap, Inc.",07/01/2018 20:50,07/01/2026 20:50
5648cc75-8506-4acf-bb80-aa2a591d349b,auto.eu,sold,68,42,4,"Name: Webglobe, a.s. Website: https://webglobe.sk",,
038f1d16-3c52-4b17-9dc2-acf00e37f163,auto.events,resell,68,42,4,"GoDaddy.com, LLC",07/10/2018 07:23,07/10/2026 07:23
3d113fe3-6bdf-4656-99e1-7cc7fcba59d1,auto.exchange,premium,68,42,4,,,
73a164d4-fcf4-431e-b46e-44d95f5c47e8,auto.expert,premium,68,42,4,,,
797e5985-69f7-478c-b986-9d9636cf2702,auto.exposed,premium,68,42,4,,,
824de38d-8a8a-4dad-8073-d633ea35ac25,auto.express,resell,68,42,4,"Sav.com, LLC",14/06/2024 10:01,14/06/2026 10:01
807b5073-8114-447e-a7e9-8db6b06814f4,auto.fail,premium,68,42,4,,,
e8514ce2-44ab-4ab7-ba5c-d1d7db84985e,auto.faith,premium,68,42,4,,,
0e0f9ad1-3166-44e0-be85-15b22642724a,auto.family,premium,68,42,4,,,
d6a386c8-a402-4239-ac2c-89a319e746c0,auto.fan,premium,68,42,4,,,
ea1bca6e-cae7-4e34-9586-5a71676a14e1,auto.fans,premium,68,42,4,,,
0b8ad88b-4271-4b0c-921e-cdd7528f5cec,auto.fashion,resell,68,42,4,eDomains LLC,09/12/2024 00:00,09/12/2026 00:00
8255262c-88f9-49c6-9c6b-d03b0f628c05,auto.fishing,premium,68,42,4,,,
610d434a-e57c-42c3-b865-34c176f1cceb,auto.fitness,premium,68,42,4,,,
6af2a57c-f063-49c6-9d2d-1c41c2efdec6,auto.flights,premium,68,42,4,,,
e69b7fe9-d1f8-492a-8ee8-c6d92d989d3a,auto.foo,premium,68,42,4,,,
2e883567-74e4-4a9e-b140-7dda7e447fa8,auto.food,premium,68,42,4,,,
5e8f5d78-025b-4b96-8925-b31d4ea21451,auto.forsale,premium,68,42,4,,,
0639882a-ab92-4fe4-8508-2e9d8bc97f5e,auto.forum,premium,68,42,4,,,
9ecb6cb2-5a1c-42fe-97f0-80566022f624,auto.foundation,premium,68,42,4,,,
36461ed5-207b-4307-941f-00a3434cb27d,auto.free,premium,68,42,4,,,
872df3e0-8296-41e2-92bb-c95a6d9db755,auto.furniture,available,68,42,4,,,
7139ffe4-a92f-4ab2-afc4-58d6eadeb39a,auto.games,premium,68,42,4,,,
89e3837b-e116-4e2a-abe6-8fda9e41871e,auto.garden,expiring,68,42,4,"GoDaddy.com, LLC",27/12/2018 07:30,27/12/2025 07:30
c0924049-f1d4-451c-a997-e9438fa0809e,auto.gay,premium,68,42,4,,,
44b7fa29-7a84-4161-8f7e-ad0e7227840c,auto.gg,resell,68,42,4,West263 International Limited (http://www.west263.hk),,
7269824d-5dfe-4d2e-8d24-97b2190d0a4c,auto.gift,premium,68,42,4,,,
5dba5c6b-bad2-45cf-8c9e-c260ea27fc31,auto.gives,premium,68,42,4,,,
86bd153f-b1d5-4026-9ff7-f1dfce689b32,auto.giving,available,68,42,4,,,
30b489e1-a669-47a1-8c34-5c7e4e20e011,auto.global,premium,68,42,4,,,
999e0eb6-3732-49fd-979f-dd832aa766da,auto.golf,expiring,68,42,4,"Sav.com, LLC",25/12/2024 17:21,25/12/2025 17:21
f7a187ff-fcde-45c6-83f3-b50ae3314c2f,auto.gratis,premium,68,42,4,,,
61b517b0-59f8-4611-bd5c-67e2ee54cedb,auto.green,premium,68,42,4,,,
f239f916-a367-4e3a-9e20-a402ff75bbfe,auto.group,resell,68,42,4,Alibaba Cloud Computing Ltd. d/b/a HiChina (www.net.cn),07/11/2020 12:11,07/11/2026 12:11
d8fe33ee-3db4-4d43-af81-2935b070969f,auto.guide,resell,68,42,4,"Global Domains International, Inc. DBA DomainCostClub.com",17/02/2021 17:12,17/02/2026 17:12
fc857294-90eb-49dc-a645-be3ce3d4755e,auto.guitars,available,68,42,4,,,
f625ceeb-0cdf-47b4-b1b2-9403612fbb4d,auto.guru,resell,68,42,4,"Spaceship, Inc.",02/07/2024 15:15,02/07/2026 15:15
88bb74b7-4535-49ad-a7fa-a503348ca8c0,auto.hair,premium,68,42,4,,,
d2843fe6-ae0e-4d17-91f9-e119e877ef68,auto.health,resell,68,42,4,Dynadot Inc,27/04/2021 20:08,27/04/2027 20:08
10888bf5-cf42-4a5b-a958-63d33ca461e6,auto.healthcare,resell,68,42,4,"GoDaddy.com, LLC",26/05/2024 23:07,26/05/2026 23:07
061eca4f-0ba9-4734-9be3-4af5bfb4243d,auto.hiphop,available,68,42,4,,,
9c22c03c-42e7-44bf-944f-f7fda64bcd38,auto.hiv,premium,68,42,4,,,
94fde968-e6be-4a52-b79a-6171508b55fe,auto.hockey,available,68,42,4,,,
e78d2c0a-43d2-4f04-8085-22766ac9ede2,auto.homes,premium,68,42,4,,,
79620478-22d1-4930-9532-3ccff6a687ed,auto.horse,premium,68,42,4,,,
7901cfdf-f238-44bf-82b5-6b4c656aaa5a,auto.hospital,premium,68,42,4,,,
0543ffdb-385d-4448-9483-3121cad18ebf,auto.host,premium,68,42,4,,,
54cdc5c7-9478-4d85-b912-5ff526069e30,auto.hosting,resell,68,42,4,"Spaceship, Inc.",26/10/2016 08:52,26/10/2026 23:59
9e5d1cad-5747-4c55-a446-ba0075d27504,auto.hot,premium,68,42,4,,,
2db2b2c2-6b5f-4233-af96-6a265ba5835a,auto.house,premium,68,42,4,,,
de4cadb0-14a8-4049-a8cf-b98269a14bc5,auto.how,resell,68,42,4,Porkbun LLC,01/03/2020 17:32,01/03/2026 17:32
1766dfcf-0cd6-4826-b16c-4d68a48b3853,auto.icu,premium,68,42,4,,,
aa99a471-3e44-47e6-9785-c0a818f221c5,auto.im,premium,68,42,4,,,
1efafad0-83b7-4375-93ed-49526664efde,auto.immo,resell,68,42,4,"Sav.com, LLC - 46",15/09/2025 17:00,15/09/2026 17:00
e9ea4aa4-e62c-4c83-b155-67e02b96df49,auto.in,resell,68,42,4,"Dynadot, LLC",16/02/2005 06:30,16/02/2035 06:30
45684069-6d65-420f-949b-bae46f26082a,auto.industries,premium,68,42,4,,,
7af15a3c-222c-4522-a99a-2bab70a9d8d0,auto.info,resell,68,42,4,IONOS SE,31/07/2001 13:49,31/07/2026 13:49
15505fe0-4588-46b4-ac6a-bbe51f166388,auto.ing,premium,68,42,4,,,
1222ca93-69fa-4388-a3af-777c82d35e2c,auto.international,resell,68,42,4,"GoDaddy.com, LLC",14/09/2020 23:13,14/09/2026 23:13
e23ea257-e65b-4bec-a37f-0f6d81ea2518,auto.io,resell,68,42,4,"Spaceship, Inc.",25/06/2004 21:17,25/06/2026 21:17
d0c8d4fd-94d1-4f44-a667-cc97a6a18ee2,auto.jewelry,available,68,42,4,,,
2b27aac8-7b2c-42a0-9501-1a34ee7e8c6b,auto.juegos,available,68,42,4,,,
5909fd03-a653-4d8a-8ad8-27e727fa9221,auto.kaufen,premium,68,42,4,,,
eb8e332a-5ee4-4bca-9b91-e12125be494f,auto.kids,premium,68,42,4,,,
356176b8-3be9-40d9-a4ba-5f7de5f6003f,auto.kim,premium,68,42,4,,,
c354dbfc-2975-471d-8e8b-6d4d1857a7dc,auto.kitchen,premium,68,42,4,,,
30d7d974-986e-48a8-8721-00757e98004e,auto.lease,premium,68,42,4,,,
1649a084-c5be-4b20-8176-23fb25b80f17,auto.lgbt,premium,68,42,4,,,
20a080d5-7996-4d1f-accb-838f367988ec,auto.life,resell,68,42,4,"Xiamen ChinaSource Internet Service Co., Ltd",12/11/2022 15:15,12/11/2026 15:15
b198acef-6898-4607-9a0f-94ae116c41c0,auto.lifestyle,premium,68,42,4,,,
1390bd97-fde6-4aae-8e8d-7511eb463d81,auto.lighting,resell,68,42,4,Squarespace Domains II LLC,20/07/2017 04:59,20/07/2028 04:59
0625af18-7fba-4259-af6b-b872c73edadb,auto.living,premium,68,42,4,,,
85e572b7-5ca8-4b3e-9f34-41227e2b35d5,auto.llc,premium,68,42,4,,,
21fad589-e4a8-4936-a96f-49d0be78f0d6,auto.locker,premium,68,42,4,,,
2bdc6144-f24f-4421-9411-6d80e663e013,auto.london,premium,68,42,4,,,
87d29a8b-ed3b-4f04-a2e8-a703a180cb68,auto.love,premium,68,42,4,,,
61c28dad-5b9a-4755-b69e-944acdfc1ef9,auto.ltd,resell,68,42,4,"Spaceship, Inc.",19/06/2016 18:45,19/06/2026 18:45
e05bb7c3-82c3-426a-8c74-96602390cf40,auto.ltda,premium,68,42,4,,,
901ca5bf-afd2-47b4-98b4-bdff07bdba73,auto.luxe,available,68,42,4,,,
31d3f655-1ceb-4841-9200-0e30f94d94e6,auto.luxury,premium,68,42,4,,,
e673ea0c-798e-41ec-89d4-9b89b2f020a8,auto.maison,available,68,42,4,,,
f5f8a2ac-a5bd-4267-b751-4a9886ed59ab,auto.makeup,premium,68,42,4,,,
d62e12fd-6598-44a2-8bcc-c0316ce5563c,auto.management,resell,68,42,4,Porkbun LLC,16/02/2023 15:15,16/02/2026 15:15
760fec2e-00e3-41c4-b862-a2c6d8784eb3,auto.mba,expiring,68,42,4,"Chengdu West Dimension Digital Technology Co., Ltd.",31/12/2020 16:00,31/12/2025 16:00
84f92b3a-b037-4432-a661-8bbce0142b51,auto.media,resell,68,42,4,"Regional Network Information Center, JSC dba RU-CENTER",06/10/2017 08:16,06/10/2027 08:16
4d5b03aa-38f9-4f97-918c-bb5e64a8d679,auto.melbourne,premium,68,42,4,,,
bd640814-59b8-4c74-a2f8-2003cdd7a534,auto.meme,premium,68,42,4,,,
588ca2df-6820-452d-ac9d-cf33cb215c39,auto.memorial,premium,68,42,4,,,
b1515c78-5156-4fdc-bf55-d37918090355,auto.men,premium,68,42,4,,,
2bd5346e-fa81-4ee6-be53-cbbfb219b53d,auto.menu,premium,68,42,4,,,
e886f31d-e00a-4a7f-b806-fe2996a4a9e1,auto.miami,resell,68,42,4,"GoDaddy.com, LLC",22/01/2021 21:20,22/01/2026 21:20
bef52259-74d4-47e6-bdad-c0ff00a09e5d,auto.moda,resell,68,42,4,Dynadot Inc,28/10/2015 15:57,28/10/2026 15:57
a2eb1e75-f376-4219-9f55-2b04dc92e653,auto.mortgage,premium,68,42,4,,,
58b6d5c1-3d85-4571-bbe2-1cb3918999c1,auto.motorcycles,premium,68,42,4,,,
378f9d2f-7c23-45bb-8854-fbd927a9ac3c,auto.mov,premium,68,42,4,,,
1ea20b69-fba5-4683-ba62-5f5f35133ee8,auto.movie,available,68,42,4,,,
81eff3c8-a956-4346-a46d-04e0f413317a,auto.music,premium,68,42,4,,,
ccb048cc-acd6-4323-8eb8-5e6299397c48,auto.name,premium,68,42,4,,,
7ffc16f8-4e25-423a-84ef-0a32973604ff,auto.navy,available,68,42,4,,,
331079bf-d200-4a10-9bb7-bd2d3981d054,auto.net,resell,68,42,4,"Network Solutions, LLC",02/11/1994 05:00,01/11/2028 04:00
4285dc24-7d9f-44d0-b555-755ef69470f8,auto.nexus,premium,68,42,4,,,
b509ca6f-d881-4380-97fe-af848119eaa3,auto.ngo,available,68,42,4,,,
66818a34-0a42-40c5-ad86-8297655f7916,auto.now,resell,68,42,4,101domain GRS Limited,30/09/2024 13:02,30/09/2026 13:02
639ca8ed-c3c3-4930-939c-b11f789c2cd5,auto.nyc,premium,68,42,4,,,
926de15c-626c-48f6-b794-83525a8f7da3,auto.observer,premium,68,42,4,,,
d3e40f8c-f974-4ee6-84e1-c5c8a12ab873,auto.ong,available,68,42,4,,,
5fc28f87-7365-42cf-8a35-2812d78852d3,auto.online,premium,68,42,4,,,
034e748e-6885-444d-a857-d529a8e6857d,auto.ooo,resell,68,42,4,Squarespace Domains II LLC,28/11/2014 00:54,28/11/2031 23:59
34d7b7e2-43dd-4013-9b5b-89b8796379fc,auto.org,sold,68,42,4,Vautron Rechenzentrum AG,07/07/1997 04:00,06/07/2026 04:00
60813f08-5985-47ed-b069-700c8e4eb594,auto.osaka,premium,68,42,4,,,
4ea24f56-627c-4de8-b5c2-177e886d834d,auto.partners,expiring,68,42,4,Dynadot Inc,13/01/2022 20:06,13/01/2026 20:06
3e3ad102-0b8f-432e-98e2-92a329e4e756,auto.party,premium,68,42,4,,,
5d4dabdb-f705-4d52-91c2-ff01f1c17dcc,auto.pet,resell,68,42,4,"Xiamen ChinaSource Internet Service Co., Ltd",13/10/2025 15:16,13/10/2026 15:16
03382d88-645c-4dc2-a4b8-92c705660332,auto.phd,premium,68,42,4,,,
a32dc457-c1ae-434b-8d66-6decd80c6ee6,auto.photo,premium,68,42,4,,,
12c79587-ec24-4120-9a6d-e6e8744a8c8b,auto.pink,premium,68,42,4,,,
ddd76668-d917-47f3-9a00-7dcb92c4e27a,auto.plumbing,available,68,42,4,,,
bbf03384-0416-4399-9636-2ba46ac6c33c,auto.plus,resell,68,42,4,"Spaceship, Inc.",11/09/2024 15:15,11/09/2026 15:15
89531070-645f-4cfa-b02c-753fbcaffa49,auto.press,premium,68,42,4,,,
c40c3862-96ef-405f-9096-adee72b10719,auto.productions,premium,68,42,4,,,
8f972910-bb7a-460e-b2d7-7c0587ed2fde,auto.prof,premium,68,42,4,,,
d77c2c7a-2efc-4f09-9fe5-f3c99c17c55d,auto.promo,premium,68,42,4,,,
4b41aebb-e2da-44b7-a7a1-1ac64ba993c5,auto.properties,resell,68,42,4,Dynadot Inc,27/10/2025 21:32,27/10/2026 21:32
2ba0cef8-5ab3-4f45-bfa7-d21a3d4783b2,auto.property,premium,68,42,4,,,
b8e9d4ce-8cbe-44a9-8744-f7c15d01340d,auto.protection,available,68,42,4,,,
543d7106-4405-4a3f-8da1-07027645a9b1,auto.pw,premium,68,42,4,,,
32aca6f0-7361-46d6-b43c-52a03491f3ba,auto.qpon,available,68,42,4,,,
a4723c45-160f-4571-b215-50d7ad646de2,auto.quest,premium,68,42,4,,,
3d582905-5bb3-414f-8dc9-8b162fb0c59b,auto.recipes,resell,68,42,4,"Sav.com, LLC - 21",16/05/2025 15:16,16/05/2026 15:16
685b4789-5255-4625-ae37-fb237619eb72,auto.red,premium,68,42,4,,,
90810881-7d58-48cd-a84e-47766979a1e9,auto.rehab,premium,68,42,4,,,
628b340e-afdc-4864-988e-c4e0af645836,auto.reise,available,68,42,4,,,
c0121cb1-2c6c-461a-97c9-e6af72d2be8d,auto.rest,premium,68,42,4,,,
06a9fd55-a1f4-482e-a92b-5bd7c3d96e3e,auto.review,premium,68,42,4,,,
166dcaf4-2b53-4885-9c11-cdf0d34b6182,auto.reviews,premium,68,42,4,,,
b935872a-3e81-4548-97a7-60e05c435f1c,auto.rich,available,68,42,4,,,
18b89966-d433-4194-b6f5-855d28359418,auto.rip,resell,68,42,4,"NameSilo, LLC",03/07/2020 09:37,03/07/2026 09:37
1a700c47-1ec6-4809-a7a4-b0d787f52e13,auto.rocks,expiring,68,42,4,Porkbun LLC,03/01/2022 13:15,03/01/2026 13:15
b4810a60-1e98-4c3e-9653-b4d5617c1660,auto.rodeo,premium,68,42,4,,,
03a71491-4d48-41a2-9ae1-109550700fbc,auto.rsvp,premium,68,42,4,,,
e905f8cb-523f-40cb-8847-5099e6be1a19,auto.sale,premium,68,42,4,,,
29a160ff-727f-4761-90a7-b665845d855f,auto.salon,resell,68,42,4,Dynadot Inc,23/08/2017 16:05,23/08/2026 16:05
d9e58b29-a090-4955-9c94-2e00115ad307,auto.sarl,available,68,42,4,,,
5deba7d7-5bfb-41a7-94e4-24244cb68cf4,auto.sbs,premium,68,42,4,,,
10b652f2-074b-444f-a5eb-f5e93e4d084c,auto.security,available,68,42,4,,,
687e5840-f5c6-4563-8ded-b1f1cacda71a,auto.sexy,premium,68,42,4,,,
33ecd952-cabc-4365-8e40-095ad6345625,auto.shiksha,premium,68,42,4,,,
da13f07d-9f24-434c-be45-1582dc975c32,auto.shoes,premium,68,42,4,,,
52d836e0-86f8-43a5-91b2-5a229d0d1476,auto.shopping,premium,68,42,4,,,
fbc69640-f981-486a-b112-af62de60bb15,auto.show,premium,68,42,4,,,
e3e45a94-ac10-4572-ae66-fb1943d79294,auto.singles,resell,68,42,4,"Global Domains International, Inc. DBA DomainCostClub.com",08/06/2020 18:34,08/06/2026 18:34
f1788176-12e7-49b8-a715-77ab88173170,auto.site,premium,68,42,4,,,
d448d666-6bbd-419d-8377-15ba83fffe6e,auto.skin,premium,68,42,4,,,
4b67cf5f-2c57-4daf-972d-00208f9c0757,auto.so,resell,68,42,4,NameCheap,06/06/2021 05:03,06/06/2026 05:03
deeca039-9136-4f61-ba7e-ca19b19594c1,auto.soccer,expiring,68,42,4,Tucows Domains Inc.,03/01/2021 05:54,03/01/2026 05:54
9eb8776f-b217-4ce6-8b67-ab5ab919cf28,auto.software,premium,68,42,4,,,
d5808525-6bc1-4304-b22b-956e51796122,auto.soy,premium,68,42,4,,,
b415bcfe-4d1f-492c-81b3-fcad68dcb1e1,auto.space,premium,68,42,4,,,
199d918c-48cb-43b6-85ee-f0e485a9dd3c,auto.spot,premium,68,42,4,,,
d9b240a7-2261-405b-8e08-faf571383c62,auto.srl,available,68,42,4,,,
f7f38a65-883d-4f18-bc71-6ac2c9407785,auto.store,premium,68,42,4,,,
9994f2f4-8784-457f-8835-2aa1daef1303,auto.stream,premium,68,42,4,,,
42c86569-1e67-484a-9515-aab54d9ed776,auto.study,expired,68,42,4,Sav.com LLC,04/11/2024 13:26,04/11/2025 13:26
f7f35064-e7fa-4e0c-92c9-0a263bcf9fc6,auto.style,resell,68,42,4,Dynadot Inc,16/10/2024 15:15,16/10/2026 15:15
3f523145-689d-4d81-a515-98437bf80737,auto.sucks,premium,68,42,4,,,
ea8dc3cb-2e79-4b9b-a17e-80acaf6cd919,auto.surgery,premium,68,42,4,,,
46a8d354-5315-41f6-b9cb-42b287146ce2,auto.sydney,premium,68,42,4,,,
f852472a-332f-432e-b738-f83d5cc2b09a,auto.talk,premium,68,42,4,,,
ecbf3271-a3e4-4996-9268-0559ca300d0a,auto.tax,resell,68,42,4,Porkbun LLC,18/04/2023 09:29,18/04/2026 09:29
e786cb99-6def-4a49-b44c-98262584600a,auto.tech,sold,68,42,4,NAME DOT STORE INC,02/04/2019 14:11,02/04/2029 23:59
06f1d025-9bb1-425d-af1a-c6c2a4d6bcda,auto.tennis,available,68,42,4,,,
3c4631a4-a952-4fbf-aa7d-b9c20f4bdf11,auto.theater,available,68,42,4,,,
c7ec35c5-61f0-4d8d-8f7f-5db1aeaabeaf,auto.theatre,available,68,42,4,,,
0287a96e-3e4d-4114-933f-093fe90c77ae,auto.tickets,available,68,42,4,,,
86102ff5-6f64-4a06-89a6-78e435fb7303,auto.tires,premium,68,42,4,,,
eefe8a82-ef82-4c11-a295-e7485f40f305,auto.tools,premium,68,42,4,,,
526512ff-4e70-407f-a47d-6ad9e2886bc3,auto.town,premium,68,42,4,,,
1874b7ab-5672-44fd-9d50-80d492a432ae,auto.toys,premium,68,42,4,,,
776a76e5-54d2-42e3-aa43-c5c325771be3,auto.tube,premium,68,42,4,,,
cd6acb41-7070-44b1-9fee-95bfee8d96cd,auto.uno,premium,68,42,4,,,
ccabdd1b-c9d8-4903-9a61-218f121e9797,auto.vacations,premium,68,42,4,,,
f9c8ac6f-2a14-43d7-9247-ff913ae260ea,auto.vana,premium,68,42,4,,,
4e9283d3-2ec1-4815-a3ec-7e4f5d9081a0,auto.vegas,premium,68,42,4,,,
012794b7-2c9a-4b81-8db9-ef17385f2ead,auto.vet,resell,68,42,4,Dynadot Inc,16/11/2025 22:36,16/11/2026 22:36
e1de4043-5113-4ec0-a79a-9db07dec9e06,auto.viajes,available,68,42,4,,,
48b9f6be-34ef-4c5c-8f51-57eee8a02bf3,auto.video,premium,68,42,4,,,
f6174411-323c-4f68-9f15-b74a6c2ec885,auto.villas,premium,68,42,4,,,
b89f58b1-27e8-4306-b098-02ddeac51ddb,auto.vodka,premium,68,42,4,,,
0bb3dab2-2c17-45c4-ad50-33ae13e6dbdd,auto.vote,resell,68,42,4,"Xiamen ChinaSource Internet Service Co., Ltd",18/02/2025 15:15,18/02/2026 15:15
2d0223fd-3591-4e18-a3e2-f23dc9a8dc73,auto.voto,expired,68,42,4,"NameCheap, Inc.",02/10/2024 09:26,02/10/2025 09:26
e64b69d6-cc68-4de7-8758-5164ba6713e3,auto.voyage,resell,68,42,4,"Global Domains International, Inc. DBA DomainCostClub.com",02/06/2025 15:16,02/06/2026 15:16
860d7e85-e79e-4d16-81ed-258fd63cce21,auto.watch,premium,68,42,4,,,
107360f4-860a-417c-85d2-740d67f7ebca,auto.webcam,premium,68,42,4,,,
06a02218-4c6e-4d26-baa0-7f8c07cb914b,auto.website,premium,68,42,4,,,
22578cec-7b22-4a05-8992-4b87d5863530,auto.wedding,premium,68,42,4,,,
676aca48-ea8e-4ee3-9b5a-0cf2d60f1cab,auto.wiki,premium,68,42,4,,,
c7c21de0-0787-47a0-a534-26f6cbd3b95f,auto.wine,resell,68,42,4,"Sav.com, LLC",11/02/2025 17:09,11/02/2026 17:09
37dde4f9-d2e0-4533-bad3-f80717e8d450,auto.work,resell,68,42,4,"Global Domains International, Inc. DBA DomainCostClub.com",01/11/2023 07:29,01/11/2028 07:29
bfde48b9-f1f7-47e7-8613-049c3ecb1213,auto.xyz,resell,68,42,4,Alibaba Cloud Computing Ltd. d/b/a HiChina (www.net.cn),03/11/2021 00:54,03/11/2026 23:59
1319c0e6-23c9-4a0f-b3bd-d5ba4d47481f,auto.yachts,premium,68,42,4,,,
b4b765e8-ed1b-45ca-a6e6-a858f27c3772,auto.yoga,expiring,68,42,4,Alibaba Cloud Computing Ltd. d/b/a HiChina (www.net.cn),03/01/2020 11:14,03/01/2026 11:14
76c89624-0575-463a-b901-79857a351de2,auto.zip,premium,68,42,4,,,
c5d58de9-fe37-4e48-b276-87a000c99247,vehicle.vana,available,94,19,7,,,
c9668d07-624c-43a2-bde6-2d68367bde55,vehicle.vegas,available,94,19,7,,,
443f4e5f-d34d-4cfb-bba1-dea26ea42855,vehicle.vet,available,94,19,7,,,
84db734e-8037-4ce3-a9de-47e2ca2fd4fa,vehicle.viajes,available,94,19,7,,,
5363d4da-6ee4-4d9e-b5ed-d745ef02fd3e,vehicle.video,premium,94,19,7,,,
58e7af30-56bc-483b-91fa-abde509b6f1a,vehicle.villas,available,94,19,7,,,
0c768474-de7e-4561-ad03-cdfa76fb2a2b,vehicle.vip,resell,94,19,7,"Chengdu West Dimension Digital Technology Co., Ltd.",26/05/2016 17:42,26/05/2026 17:42
88f7164c-f51c-4d85-a3ca-e516384cbfd6,vehicle.vodka,available,94,19,7,,,
c0174163-28ab-4c2f-8d7e-9ca33038f819,vehicle.vote,available,94,19,7,,,
2f75ffc3-491e-4f79-88ae-49521065b4d2,vehicle.voting,available,94,19,7,,,
72c06eab-bf36-4b70-b372-26edbbedd051,vehicle.voto,available,94,19,7,,,
3ae2b291-408b-4e11-bd10-a46509c70531,vehicle.voyage,available,94,19,7,,,
9445153f-f3cf-4d5e-a146-c04f05e10cb0,vehicle.webcam,available,94,19,7,,,
3afdf75a-b28f-4e80-8499-e196a1419bf2,vehicle.website,premium,94,19,7,,,
080def14-1c1e-493d-ae8d-070820dd6ab2,vehicle.win,premium,94,19,7,,,
043f7a06-98f9-424a-9f12-219de042378c,vehicle.wine,available,94,19,7,,,
2c68af9e-fac5-466a-bdf8-86960f366cbd,vehicle.work,premium,94,19,7,,,
cba5c766-ccad-45cf-b96d-40fc202053bc,vehicle.world,resell,94,19,7,IONOS SE,05/04/2016 21:51,05/04/2026 21:51
a333c7d1-3336-4312-a852-bd8367dcb589,vehicle.wtf,resell,94,19,7,"Sav.com, LLC - 47",14/11/2025 15:15,14/11/2026 15:15
023cd1e7-f3d4-44bc-9e45-b1c6f66829cc,vehicle.xyz,sold,94,19,7,"Sav.com, LLC",13/11/2021 10:11,13/11/2026 23:59
a063ecde-d1d9-4aff-a7c7-5b8aea091b76,vehicle.yachts,premium,94,19,7,,,
f3fafb19-66c1-400f-a8b1-549b06c55e9a,vehicle.yoga,available,94,19,7,,,
16493c4f-6ac9-4a0a-b949-2176e60d5cdd,vehicle.you,premium,94,19,7,,,
bb493d90-79e4-4acd-86bb-2d526cfe72e0,vehicle.zip,premium,94,19,7,,,
df7d47d4-bb30-4a24-ab77-531565980f5f,vehicle.zone,resell,94,19,7,"Xiamen ChinaSource Internet Service Co., Ltd",19/09/2018 16:16,19/09/2026 16:16
fe78261a-f4f0-47a4-b0ce-9d22c1ef8946,vehicle.ac,available,94,19,7,,,
7a95e339-35b1-471a-93da-b70a41764a04,vehicle.academy,available,94,19,7,,,
afbf37d4-83aa-4290-ac6a-62f61b09ad24,vehicle.accountant,premium,94,19,7,,,
f65b1760-ad39-459c-a5a4-342faa1639f9,vehicle.accountants,available,94,19,7,,,
4d17ecd6-b687-4a71-af22-e65cc05838e8,vehicle.actor,available,94,19,7,,,
4b24d197-d9cf-4c95-ab8d-8600a6db8a59,vehicle.adult,available,94,19,7,,,
068dec97-97ca-4179-921b-e8e0a5f06f68,vehicle.ag,available,94,19,7,,,
ba94b675-086b-42fa-9472-e1725a6a8de2,vehicle.airforce,available,94,19,7,,,
a2b03980-d8d4-4973-86ba-948a72853e01,vehicle.apartments,available,94,19,7,,,
5189090f-d091-49a6-9283-b855d5b23d1a,vehicle.archi,available,94,19,7,,,
bdf99a01-b98b-4e01-820a-1fee78e92ffe,vehicle.army,available,94,19,7,,,
6deb52a3-24d8-406f-9e9f-c54a2e58fe95,vehicle.art,premium,94,19,7,,,
7c4d95c9-dc46-4221-a8e3-83a6671ddea9,vehicle.associates,available,94,19,7,,,
f7492433-03b0-4bc8-8577-b2a999402caf,vehicle.at,available,94,19,7,,,
f82c4dec-10b9-4bbb-ad03-863fa30fae78,vehicle.attorney,premium,94,19,7,,,
893c2f80-c25f-409a-869e-55a5a3edd329,vehicle.audio,available,94,19,7,,,
ad170435-8d2e-402c-96a3-8b82d60bc59e,vehicle.auto,available,94,19,7,,,
7f3d8093-3696-429a-a008-024c7b66fcf7,vehicle.autos,premium,94,19,7,,,
dad182f6-28ad-472f-a075-d39afddf2ad5,vehicle.band,available,94,19,7,,,
863eb2dd-d037-4016-92aa-8690e074e5a7,vehicle.bar,premium,94,19,7,,,
503445b6-ac95-40d1-877a-6cae8ad33c74,vehicle.bayern,available,94,19,7,,,
ab59724b-badd-4037-a3a3-e37504fe9a77,vehicle.beauty,resell,94,19,7,"Spaceship, Inc.",03/08/2025 17:15,03/08/2026 23:59
11b44085-98a1-44e5-acda-dbf231494bca,vehicle.beer,available,94,19,7,,,
964f5069-484b-4720-8158-26089f64863e,vehicle.berlin,available,94,19,7,,,
6cf979fe-49f9-446f-b15e-2a217e2cccf9,vehicle.best,premium,94,19,7,,,
b7d1822a-c55c-4900-a534-a91d4710277a,vehicle.bike,available,94,19,7,,,
173b38e3-1017-493c-a0e0-a52da39a4da0,vehicle.bingo,available,94,19,7,,,
bc8b6ff5-d062-4990-9449-304dff9b52b0,vehicle.biz,resell,94,19,7,PDR Ltd. d/b/a PublicDomainRegistry.com,27/03/2002 05:53,26/03/2026 23:59
055a432b-d3db-4e8c-8aee-c531c8a8f786,vehicle.black,premium,94,19,7,,,
b84e62d9-3d72-4532-ba6d-2fc2e0ae818d,vehicle.blackfriday,available,94,19,7,,,
84423de3-6812-4330-bea1-50beb99f01d9,vehicle.blog,premium,94,19,7,,,
590a1659-e634-4fbf-8b3f-1fddcb81c02f,vehicle.blue,available,94,19,7,,,
0cd27996-670b-481c-8848-3eeb0d4d948d,vehicle.boats,premium,94,19,7,,,
65214c4d-cfbf-48f7-a7a3-64c520d79ccf,vehicle.boo,premium,94,19,7,,,
3dba6764-d1e8-4046-a7c1-315f92820c5f,vehicle.boston,premium,94,19,7,,,
2f128226-9ccb-49d3-ae11-717cbeb045a0,vehicle.bot,premium,94,19,7,,,
f7ff3f3a-f5d5-40a9-a1d6-d73232f1cca6,vehicle.boutique,available,94,19,7,,,
abecaf18-12a7-4f9d-89b7-a0e4ff1669cb,vehicle.build,premium,94,19,7,,,
7a01702b-ff4f-4267-a4f0-cbe0dd4e3a60,vehicle.builders,available,94,19,7,,,
743739de-a6d6-4386-9706-769ea405018c,vehicle.business,resell,94,19,7,Dynadot Inc,30/06/2023 17:00,30/06/2030 17:00
bf1c167f-af82-4c72-b742-64248c815f6d,vehicle.buzz,premium,94,19,7,,,
2d9c79ea-7e5a-4fe6-baf7-81395f7f57f4,vehicle.bz,available,94,19,7,,,
0e0cbd65-f9ec-4b14-8409-0606d9f6d1d8,vehicle.ca,resell,94,19,7,BareMetal.com inc,08/11/2000 20:27,01/12/2026 05:00
9960751a-02c6-4abf-b035-d087e68dcfc8,vehicle.cab,available,94,19,7,,,
7b5623cd-4fca-4a5d-ad43-5015108b4a95,vehicle.cam,resell,94,19,7,Namecheap,02/09/2020 12:20,02/09/2026 23:59
16f7608b-33fe-417d-b6ed-b3b8319fa8f2,vehicle.camp,available,94,19,7,,,
84e6e02b-8a7f-4fd7-bc5a-a307d6493cd3,vehicle.capital,available,94,19,7,,,
7b32de94-fbb1-49ce-b64b-60798e3f25d5,vehicle.car,available,94,19,7,,,
33d46f95-6776-48b2-8d2a-24b05857aa5f,vehicle.cards,available,94,19,7,,,
bfadad28-a3c9-493f-98c8-45c4839ab708,vehicle.careers,available,94,19,7,,,
7863250c-3622-4624-b967-6daf978a4615,vehicle.cars,available,94,19,7,,,
af23f5c2-1fb6-4851-b367-deb30980896d,vehicle.casa,available,94,19,7,,,
bfcbeef5-c27d-4d57-8093-e398443accb9,vehicle.cash,resell,94,19,7,"GoDaddy.com, LLC",29/05/2019 19:49,29/05/2026 19:49
fb9ac72a-f029-4e77-8bf9-892d7ad5f072,vehicle.casino,available,94,19,7,,,
836a1f67-1123-4ad7-b75d-85fa57df7fe5,vehicle.catering,available,94,19,7,,,
34129794-f83c-4ee7-b8bc-72e4ef7b6d2c,vehicle.cc,expiring,94,19,7,Dynadot Inc,29/12/2004 23:24,29/12/2025 23:24
7381acfc-331d-415f-99da-d6532d6200db,vehicle.center,expiring,94,19,7,Regtime Ltd.,10/01/2018 00:55,10/01/2026 00:55
b04e07de-6d6f-49a4-b523-40772b3cf213,vehicle.ceo,available,94,19,7,,,
05be0824-a069-4e08-848e-6edb418cb28e,vehicle.cfd,premium,94,19,7,,,
078c5bce-eac7-47bd-8f6b-6f2de1d91699,vehicle.charity,available,94,19,7,,,
f957fbda-ca3d-4d17-903e-37a8114b4cd2,vehicle.chat,resell,94,19,7,Alibaba Cloud Computing Ltd. d/b/a HiChina (www.net.cn),05/03/2019 18:16,05/03/2026 18:16
d0c11edd-955c-436f-9504-9e31be1dcbae,vehicle.cheap,available,94,19,7,,,
2b8404de-6452-43da-b940-5725bfe10c3c,vehicle.christmas,available,94,19,7,,,
8982c444-5857-413c-b468-087a202ed7e2,vehicle.church,available,94,19,7,,,
98abd9f7-a480-450e-9878-5f2ac9e5cffd,vehicle.city,resell,94,19,7,"Sav.com, LLC - 26",02/02/2023 15:15,02/02/2026 15:15
45eebf6d-f7c2-4669-8df1-73c6922164c4,vehicle.claims,resell,94,19,7,"Go China Domains, LLC",03/09/2014 16:00,03/09/2026 16:00
d7147ad5-b79d-4efb-82a8-4613acf94dca,vehicle.cleaning,premium,94,19,7,,,
72e7479f-15aa-4e32-8836-571bb393641b,vehicle.click,resell,94,19,7,"NameSilo, LLC",25/11/2014 17:16,25/11/2026 17:16
448aea3f-fe80-45b7-a51d-d09e994c561d,vehicle.clinic,available,94,19,7,,,
233affb6-79c4-4a58-b7d4-c6bca140a946,vehicle.clothing,available,94,19,7,,,
624af409-eac3-4662-8e13-4adf20fff9fe,vehicle.co,resell,94,19,7,"GoDaddy.com, LLC",31/08/2010 18:23,30/08/2026 23:59
00fa5e91-8c83-4995-96ca-958a8a37a7d7,vehicle.coach,available,94,19,7,,,
e0bc06cb-784e-4f9f-b58f-6adb5d87c5f4,vehicle.codes,premium,94,19,7,,,
cdc07863-bada-471b-98e6-f0ac257e90b2,vehicle.coffee,available,94,19,7,,,
a783d099-da8c-42a7-b144-daebf888a5fd,vehicle.college,premium,94,19,7,,,
a728d2a6-ad4c-4941-8885-693880eac1b4,vehicle.community,available,94,19,7,,,
8a749f5d-750c-491d-a962-bc3306d5fa98,vehicle.company,resell,94,19,7,"Name.com, Inc.",04/06/2021 08:20,04/06/2027 08:20
6cada12a-a069-46f9-98ef-4065d5ac60e1,vehicle.computer,available,94,19,7,,,
94f3e843-d741-49a9-b6cb-fc4f7586be25,vehicle.condos,available,94,19,7,,,
1b11af6c-1c20-4c53-8acf-770ea869963f,vehicle.construction,available,94,19,7,,,
ce847804-fb3b-4a66-ae51-af6671429774,vehicle.contact,available,94,19,7,,,
532e4285-ac35-44a7-8d3b-3b8695b8f874,vehicle.contractors,available,94,19,7,,,
f353d37a-0f87-4b8b-9e4b-e674380dfe89,vehicle.cooking,available,94,19,7,,,
07b35109-b1ad-4fed-bc49-57f0b1c42408,vehicle.cool,available,94,19,7,,,
19c8263f-4b97-4cb6-a4d6-18163bb80418,vehicle.country,available,94,19,7,,,
1c90d3f9-f750-499a-8f84-15d3937af80e,vehicle.credit,premium,94,19,7,,,
a4b8bb35-925d-42f6-a5e8-98c11786c352,vehicle.creditcard,available,94,19,7,,,
4ba25ff6-ae08-4a49-b552-ff45953af275,vehicle.cricket,premium,94,19,7,,,
a4b7a917-2ed0-4fbb-be7e-727c22d0882c,vehicle.cruises,available,94,19,7,,,
c7a8966f-f192-4d1e-a06a-60aea5b87408,vehicle.cv,premium,94,19,7,,,
012b54f2-a24b-4716-b4a4-d47ab5408a09,vehicle.dad,premium,94,19,7,,,
23a0c7d0-7242-4f5c-8b91-f95ab5f8266c,vehicle.dance,available,94,19,7,,,
54078ec0-c5f7-4a21-9973-f0903ea494f1,vehicle.date,premium,94,19,7,,,
31567b97-8cc7-417d-b2dd-9e8ae802f0f4,vehicle.dating,available,94,19,7,,,
52564cb5-7f2b-4848-9e07-ef966088b0fe,vehicle.day,premium,94,19,7,,,
29ababe4-32f2-4e69-b810-488f7d434ce9,vehicle.deal,premium,94,19,7,,,
edf7db87-3247-4908-ae06-acaccf58f788,vehicle.dealer,premium,94,19,7,,,
f6596191-30a9-4e54-8941-0359963f15bb,vehicle.deals,premium,94,19,7,,,
f3b8cb7f-2410-4f8e-a718-cf5bd897d062,vehicle.degree,available,94,19,7,,,
1327a57d-546a-46c6-978a-df5ca6b25055,vehicle.democrat,available,94,19,7,,,
eec8b360-5c52-4fed-9574-481ca02ac961,vehicle.dental,available,94,19,7,,,
202790a6-4353-44ef-abd4-65eafcac6bca,vehicle.dentist,available,94,19,7,,,
a5ad0234-527a-41fc-8f17-8ffe7650293e,vehicle.design,premium,94,19,7,,,
3ceb0736-ee6a-42b3-9974-ac6757c86742,vehicle.diamonds,available,94,19,7,,,
20855f21-55f8-4e3b-b421-259f09d05ed9,vehicle.diet,available,94,19,7,,,
1cbc1b07-1f99-48b9-afca-841d7f7bd13c,vehicle.direct,resell,94,19,7,"GoDaddy.com, LLC",29/11/2024 00:00,29/11/2026 00:00
7bb41181-cf01-4127-aead-24e6d0e39c47,vehicle.directory,resell,94,19,7,"Sav.com, LLC",18/05/2025 17:00,18/05/2026 17:00
74df6a65-10d7-4bac-8c13-26b1edac2384,vehicle.discount,premium,94,19,7,,,
62da2636-a441-4446-b568-7bf5116708fc,vehicle.diy,premium,94,19,7,,,
61b2e5bd-0a5c-44ca-9127-f688ac8217af,vehicle.doctor,available,94,19,7,,,
779ea51b-7d94-43b7-a3d9-10706ae32d32,vehicle.dog,available,94,19,7,,,
2d75ab71-d3f9-4346-bc83-3ad7eaeeb9b8,vehicle.domains,available,94,19,7,,,
80f41245-b003-47aa-9ee7-316c26d4b0e3,vehicle.download,premium,94,19,7,,,
99adc29a-f700-4d24-932f-1a2a6df2101f,vehicle.education,available,94,19,7,,,
d88fa225-dcdf-47e8-9000-79a2754f66c4,vehicle.engineer,premium,94,19,7,,,
f43a6878-6af7-4b72-a659-ede4828f40d2,vehicle.enterprises,available,94,19,7,,,
6d11c315-9948-4da6-a905-da9dbe1d18ad,vehicle.equipment,available,94,19,7,,,
53a2e560-b948-4091-b3ce-fe476dfb4c95,vehicle.esq,premium,94,19,7,,,
0fb841fe-a901-4f79-9690-51b284c92833,vehicle.estate,available,94,19,7,,,
70804aed-d6e3-4e6d-b5ba-a16a2adeebe0,vehicle.events,available,94,19,7,,,
96f0de96-ccd7-4d11-804b-b7a04b7d7cf7,vehicle.exposed,available,94,19,7,,,
fc0dc9dd-60d0-4d06-9b1a-e28dc8414b95,vehicle.express,available,94,19,7,,,
01d554a4-4724-4099-9ba0-fde38f81ecb4,vehicle.fail,available,94,19,7,,,
36a76f7f-0670-4ad8-8ba9-ea2b7137e3de,vehicle.faith,available,94,19,7,,,
d987e4fe-da1e-405d-b865-0b1f6f001e72,vehicle.family,premium,94,19,7,,,
41a3b16a-f7bc-42f9-9ebf-8bf0543ffd52,vehicle.fans,premium,94,19,7,,,
78346382-c607-4bd7-bc8b-766ad6d808fb,vehicle.farm,available,94,19,7,,,
09dac265-d37d-4f23-9aca-1b2dc8ee99ae,vehicle.fashion,available,94,19,7,,,
43bfae08-5282-4e50-8e05-2dcf3a3a7964,vehicle.fast,premium,94,19,7,,,
84856a81-c5e4-4f4e-b727-26aff252ce39,vehicle.film,available,94,19,7,,,
39c3f139-3278-4cec-aa93-a12b73e858af,vehicle.financial,available,94,19,7,,,
1f8ef49a-4be7-44f5-b93d-0b7478243853,vehicle.fish,available,94,19,7,,,
5539875f-2432-4979-82d5-e72e19f0b304,vehicle.fishing,available,94,19,7,,,
ef89c225-50f1-4af3-8736-fa0eb1fddd6a,vehicle.fitness,available,94,19,7,,,
4579e5f0-5f0a-47ad-960e-117d9d7cb6c2,vehicle.flights,available,94,19,7,,,
d31f780d-127e-4fce-b7b7-29f820149e3d,vehicle.florist,available,94,19,7,,,
88994082-60fb-4ea3-bd82-61e9ea58bf43,vehicle.flowers,available,94,19,7,,,
085186a2-7381-4554-889b-77599a2b6fe1,vehicle.fm,available,94,19,7,,,
18616599-ad32-493d-a775-e9e762d366d0,vehicle.foo,premium,94,19,7,,,
ea7c83f8-d2b9-43c5-b5b3-cba6dc85dc32,vehicle.food,premium,94,19,7,,,
0933edb7-3164-4fbc-985c-ef15d8944108,vehicle.football,available,94,19,7,,,
0afd56fa-ea7e-4db0-9d44-b69577e83a87,vehicle.forsale,premium,94,19,7,,,
31c94095-2e8c-4f3d-96a4-b1fd24848e80,vehicle.forum,premium,94,19,7,,,
78c9ad65-423d-46fa-a6ff-e93df3a6cad5,vehicle.foundation,available,94,19,7,,,
5eec6049-d065-4f7e-9b32-187984a2ddf0,vehicle.free,premium,94,19,7,,,
52503b30-1f9e-4aac-af26-e2a997b42e66,vehicle.fun,premium,94,19,7,,,
bf3aa8bd-338a-4845-a316-c95dc5701069,vehicle.fund,resell,94,19,7,"DNSPod, Inc.",16/02/2024 15:16,16/02/2026 15:16
dfc7aa03-4aed-45d5-9e75-07f1c0da3002,vehicle.furniture,available,94,19,7,,,
930d3acf-9bf9-4008-921e-c6e6ca84d604,vehicle.futbol,available,94,19,7,,,
3f0e421b-7953-457d-9d45-dadd4274f5f0,vehicle.fyi,premium,94,19,7,,,
ce2e49b0-515c-44f2-9507-ec728b11dcaa,vehicle.gallery,available,94,19,7,,,
22d3678e-6e0c-4432-9803-9f3506249c29,vehicle.game,premium,94,19,7,,,
b65edeed-0979-4d90-8500-65271bb914ab,vehicle.garden,premium,94,19,7,,,
baca9935-bc46-4e14-9630-d390403395c0,vehicle.gay,available,94,19,7,,,
f10c44d1-91e3-4d4c-9dba-c29e63d793e0,vehicle.gg,resell,94,19,7,"humbly, LLC (http://park.io)",,
fa0fd1a5-bbe2-44c3-8bc6-94187994e910,vehicle.gift,available,94,19,7,,,
638b52a8-7c8c-4375-892a-b77dd38691a1,vehicle.gifts,available,94,19,7,,,
621fb983-83d9-46ee-bb6d-076923b6cdfd,vehicle.gives,available,94,19,7,,,
c5874a70-adf8-4777-b0ac-57620aa8d0e7,vehicle.giving,available,94,19,7,,,
d5370b33-f9e6-4b70-b56b-3fc9a1c6e05e,vehicle.glass,premium,94,19,7,,,
65ce768f-50a7-4892-ae16-360f735324e5,vehicle.gmbh,available,94,19,7,,,
4497435d-d807-42cd-9303-e6ed806a979f,vehicle.golf,expiring,94,19,7,"GoDaddy.com, LLC",04/01/2024 17:17,04/01/2026 17:17
be3c494a-fcb8-4f47-bdd3-dbf1ac343ef9,vehicle.gratis,available,94,19,7,,,
ebeb3ce7-987c-4d20-86bf-e4187cf6728c,vehicle.green,premium,94,19,7,,,
0790d2be-f7bd-4315-8965-5742defc1add,vehicle.gripe,available,94,19,7,,,
a780f298-a8a3-42ae-ac97-bb92e5f32e6b,vehicle.group,resell,94,19,7,"Chengdu West Dimension Digital Technology Co., Ltd.",02/02/2018 19:42,02/02/2026 19:42
9a2cd124-481f-4c80-85f2-15414b2a4fe6,vehicle.guitars,available,94,19,7,,,
1d41c6cd-2093-4207-ad95-da9e0151625a,vehicle.hair,available,94,19,7,,,
2c307eed-4c46-4d53-84f2-9a9e047895a7,vehicle.haus,available,94,19,7,,,
dd386926-fabb-413c-befa-dda810952cfd,vehicle.health,available,94,19,7,,,
f27da65f-769b-4f4a-bba0-74b81bde9edc,vehicle.healthcare,available,94,19,7,,,
e5573602-1748-4128-8bab-46e246054739,vehicle.help,premium,94,19,7,,,
8944a883-ca04-4015-baf8-8c8a60789501,vehicle.hiphop,available,94,19,7,,,
adb729f5-4038-4e1a-a085-c15e3f6e6fb1,vehicle.hiv,available,94,19,7,,,
9e8268e1-a0fe-45ea-b4fa-cc33a1aeb057,vehicle.hockey,available,94,19,7,,,
1b07ae56-2f36-4168-9ded-506c18889a6f,vehicle.holdings,available,94,19,7,,,
a8ab999e-422f-4e75-a8e8-30e7ea7ba2ca,vehicle.holiday,available,94,19,7,,,
9ad75afb-75d6-44f3-bb45-882de0d5ff80,vehicle.homes,premium,94,19,7,,,
e9b8d84d-682c-4873-8423-ccbf21c444cc,vehicle.horse,available,94,19,7,,,
740631a4-7574-4df4-8d57-c938396dcbee,vehicle.hospital,available,94,19,7,,,
c7500b5d-be67-44c8-a8af-884fee1c309f,vehicle.host,premium,94,19,7,,,
48a703f1-e693-4c28-afdf-1c8b2742fb6d,vehicle.hosting,available,94,19,7,,,
9e6b1de7-eda4-4eec-9795-ea48e8f6621d,vehicle.hot,premium,94,19,7,,,
98cf56df-52c3-495b-b782-097ace88b462,vehicle.icu,premium,94,19,7,,,
3b27a9df-2d1d-48af-b90f-0e86fc09a420,vehicle.im,premium,94,19,7,,,
fa8dea4d-e118-4d1b-a55d-c66f933773fd,vehicle.immo,sold,94,19,7,IONOS SE,10/12/2014 16:40,10/12/2026 16:40
f157a085-019b-4876-93bf-578d469a60b4,vehicle.immobilien,available,94,19,7,,,
a918338e-a78b-481d-a301-136440cdf237,vehicle.inc,premium,94,19,7,,,
d677b38e-8f44-493e-9779-bf25f83f007f,vehicle.industries,premium,94,19,7,,,
585a7854-35ca-4679-9dc4-9c45bffb8741,vehicle.info,resell,94,19,7,"GoDaddy.com, LLC",13/07/2002 19:37,13/07/2026 19:37
4d7cc35b-1514-4515-bbae-3e8d270f725a,vehicle.ing,premium,94,19,7,,,
f1045d62-2357-4037-8c0f-41631b6f5fd4,vehicle.institute,available,94,19,7,,,
763864f5-0532-4fe4-98bd-0a1164e35bdb,vehicle.insure,premium,94,19,7,,,
d63a3337-30d6-4572-abf6-1555abf5c3e0,vehicle.international,available,94,19,7,,,
ee3a772d-8ebb-4fc2-a2aa-e79d7c205357,vehicle.io,expiring,94,19,7,1API GmbH,08/01/2014 18:19,08/01/2026 18:19
391a5336-bfc5-42f4-ad6e-e289aefb7e0e,vehicle.irish,available,94,19,7,,,
70a0eb25-1a21-4b4c-9823-90315f839b1f,vehicle.it,resell,94,19,7,,28/04/2000 00:00,21/10/2026 00:00
e2dbf5ae-0300-4740-8a92-c8fd7746bd0b,vehicle.jetzt,available,94,19,7,,,
a373a10a-9931-47c2-85ea-5ff4bf9b14b6,vehicle.jewelry,available,94,19,7,,,
02aa42da-da43-4557-8f46-592d969cdc5e,vehicle.juegos,available,94,19,7,,,
ea7ae7a0-b236-4009-beaa-0778ff5371ce,vehicle.kaufen,available,94,19,7,,,
a42bef30-3dbd-4dd3-a355-050c70e2767f,vehicle.kids,premium,94,19,7,,,
0299e019-b5fe-420b-9dba-4a8ac80f1ac3,vehicle.kim,available,94,19,7,,,
f5914486-4168-4295-ab34-9c2d736a62eb,vehicle.kitchen,available,94,19,7,,,
3bb2868d-5ec2-483b-8b51-927ae5dc7dd8,vehicle.la,resell,94,19,7,.LA Premium Names Program,10/11/2015 00:27,10/11/2026 23:59
a1b5ec8b-bb3e-40c0-bd90-0b6a3a8aca83,vehicle.lat,expired,94,19,7,Namecheap,20/10/2024 05:21,20/10/2025 23:59
52af9141-9ebb-49e2-a1c4-daa36639fd21,vehicle.lawyer,premium,94,19,7,,,
c27d0f1f-c860-44ff-b507-eaf556f4679a,vehicle.lease,premium,94,19,7,,,
f92dadc5-b975-4fd3-97df-8e9b47f382e8,vehicle.legal,available,94,19,7,,,
67d9ce67-8c91-474c-865b-da3686df8f6e,vehicle.lgbt,available,94,19,7,,,
25cc198b-95df-4e4d-8cc0-30b372b88516,vehicle.life,resell,94,19,7,Alibaba Cloud Computing Ltd. d/b/a HiChina (www.net.cn),03/06/2018 14:07,03/06/2026 14:07
f49a5378-afb6-4546-b42e-9dc043e52f76,vehicle.lifestyle,premium,94,19,7,,,
27259212-a05f-4e4c-8943-20f7fbb914f7,vehicle.limited,available,94,19,7,,,
d1ce5902-a691-448e-b2b2-bb2452a7d71e,vehicle.limo,available,94,19,7,,,
6482eeef-a784-4ea6-9b52-c99b7dbfb34e,vehicle.link,premium,94,19,7,,,
fa910cdd-e9e9-4703-8fb9-a239479cdf1e,vehicle.living,premium,94,19,7,,,
c7da5132-05b6-40ed-a34f-430d6a098ab7,vehicle.llc,premium,94,19,7,,,
92a235ea-4aa1-496d-9a59-de367c338454,vehicle.loan,premium,94,19,7,,,
a3bcb86a-4677-47f8-afd2-8a6573937755,vehicle.loans,premium,94,19,7,,,
d2188e10-1636-4c1c-9417-3ba2216eba81,vehicle.locker,premium,94,19,7,,,
7c2074f3-bc9f-48d2-9b5d-28f62754f3db,vehicle.london,premium,94,19,7,,,
c9d1e05f-c966-4083-a0e6-d40c87225876,vehicle.love,resell,94,19,7,"Chengdu West Dimension Digital Technology Co., LTD",01/11/2025 07:11,01/11/2026 07:11
8035c39a-6ba6-4a5f-8bf8-81e28681318c,vehicle.ltda,available,94,19,7,,,
3a6aaf95-d35c-49b8-84e2-e012c486c4e7,vehicle.luxe,available,94,19,7,,,
b46f85a8-8f39-4def-940f-1e213c9eeb94,vehicle.luxury,available,94,19,7,,,
e50f7b94-39c6-4a34-a47e-88d609478f12,vehicle.maison,available,94,19,7,,,
15aac24d-8fcd-48a9-872a-79b98d7752f1,vehicle.makeup,available,94,19,7,,,
d8c9a383-de9a-4b4f-a688-144802e9b090,vehicle.market,premium,94,19,7,,,
39de55f2-2425-4ce9-b56f-b4f3d36c64f5,vehicle.marketing,resell,94,19,7,"Sav.com, LLC",27/01/2025 15:44,27/01/2026 15:44
2b8e362b-304c-492f-a331-020820c52975,vehicle.mba,available,94,19,7,,,
0a1a9e91-2e01-4162-add0-eb98cda955d4,vehicle.me,resell,94,19,7,Edomains LLC,05/12/2024 15:15,05/12/2026 15:15
f2751d59-81f0-48cd-80db-ef4cb53cbd73,vehicle.media,resell,94,19,7,"Xiamen ChinaSource Internet Service Co., Ltd",25/01/2023 17:00,25/01/2026 17:00
9c5c047b-9e5c-41cb-b66f-e450891adf6d,vehicle.melbourne,available,94,19,7,,,
db9ae9f5-f439-4174-9afb-7ce090050e68,vehicle.meme,premium,94,19,7,,,
4c6bc0be-8438-4f74-b2f2-1aa6d3c1c18f,vehicle.memorial,available,94,19,7,,,
81ccfb83-4743-4b52-b6c3-2c59c5535674,vehicle.men,premium,94,19,7,,,
ce83a7c6-c9de-4f14-98d1-8f10946b9303,vehicle.menu,available,94,19,7,,,
e8a12bc0-7dce-416d-bf0a-cd38f0f05fcf,vehicle.miami,premium,94,19,7,,,
1335b6af-0618-4cbd-bef4-9224e439d1d3,vehicle.mobi,available,94,19,7,,,
c5e9a98b-a7d5-4472-96bf-4ea880fc65b9,vehicle.moda,available,94,19,7,,,
770e2bc2-908a-4311-8407-4113c7fdb950,vehicle.moe,available,94,19,7,,,
1892904b-02aa-471e-a914-c8be08191ccc,vehicle.mom,premium,94,19,7,,,
f16ee844-315c-4a6c-b582-5d020b992b08,vehicle.money,available,94,19,7,,,
24baa8ad-e3c5-4977-8692-7d36c51aa666,vehicle.monster,premium,94,19,7,,,
4007098f-8496-4d52-af67-0357706f78cc,vehicle.mortgage,available,94,19,7,,,
a8afaf6f-a63c-47d8-b101-294ca7562366,vehicle.motorcycles,premium,94,19,7,,,
4765c8b0-c6c0-4d3b-8392-232309cb80e8,vehicle.mov,premium,94,19,7,,,
6b87d334-3ce4-470c-a4a5-ae9d264c0bae,vehicle.movie,available,94,19,7,,,
6dab04cc-4ef0-43d4-91df-d5bf1d244530,vehicle.music,available,94,19,7,,,
eea1a543-a519-4742-9f7c-6e4c63c001e9,vehicle.mx,resell,94,19,7,GoDaddy.com,13/10/2013 00:00,13/10/2026 00:00
8fbd7e1b-e8c5-4552-a50a-fb8fc9941bff,vehicle.my,premium,94,19,7,,,
24d2fd9b-cbb6-48a1-b45d-ad2bd2881063,vehicle.name,available,94,19,7,,,
7932ef98-4eab-48bb-a190-8859c959c54b,vehicle.navy,available,94,19,7,,,
77d1b326-6da7-4c69-9390-defef9f9f2d1,vehicle.net,resell,94,19,7,Tucows Domains Inc.,03/12/1998 05:00,02/12/2026 05:00
53f99a10-2312-43d8-8760-2170c8da4a78,vehicle.news,resell,94,19,7,Dynadot Inc,07/09/2023 19:26,07/09/2028 19:26
e5cb2b70-a35d-4439-af2d-92e87fe18d0c,vehicle.nexus,premium,94,19,7,,,
550e9cc2-0e0b-44c0-812a-6a21279b8e01,vehicle.ngo,available,94,19,7,,,
27e7d026-61a9-476e-8eab-951359b678fe,vehicle.now,resell,94,19,7,Dynadot Inc,12/07/2025 00:24,12/07/2026 00:24
de5fa4d8-4b1a-49ac-9c2a-dfb1ea78c817,vehicle.nyc,available,94,19,7,,,
ad35c4a5-f65f-4a42-b4c3-1e86e5a04828,vehicle.observer,premium,94,19,7,,,
52d9e475-ddb4-49fe-9258-9fa7fbbb4277,vehicle.one,premium,94,19,7,,,
b4254831-3a86-4e73-becf-68974090d832,vehicle.ong,available,94,19,7,,,
ea3b9cdf-dd61-4699-a7fa-97e6b604f81f,vehicle.onl,resell,94,19,7,Dynadot Inc,22/07/2025 14:20,22/07/2026 14:20
b8591fd7-a1ba-41bb-9cb4-471e0baff802,vehicle.online,premium,94,19,7,,,
9a4830ae-a99b-4da2-a8c6-7e1c24fc191f,vehicle.ooo,available,94,19,7,,,
b72036f8-ecde-4433-8453-7e71f0d396a1,vehicle.organic,available,94,19,7,,,
0957dc55-1d6d-4533-91c4-4e2c4f041059,vehicle.osaka,available,94,19,7,,,
4f2641ac-15dc-46fa-a2c9-11fa0ae9c2ef,vehicle.partners,available,94,19,7,,,
12e66d87-7c7d-48dd-80eb-f6b8361da26d,vehicle.parts,premium,94,19,7,,,
e2421767-86d6-4692-aa55-b2555dcfbbd2,vehicle.party,premium,94,19,7,,,
650979da-c287-403b-9c27-862df8718153,vehicle.pet,available,94,19,7,,,
c8811e7d-fb5e-46d0-b2eb-73dfe84bec07,vehicle.phd,premium,94,19,7,,,
5b85163d-0410-4fc2-9100-c27919ff8f07,vehicle.photo,premium,94,19,7,,,
eb0fd3e0-1cd2-497d-b199-afb03bf24303,vehicle.photography,available,94,19,7,,,
e8bb095d-e71c-4d44-bd34-f91e163cb61c,vehicle.pics,available,94,19,7,,,
c2465718-4d11-45a9-8cb8-6ddf2cd13019,vehicle.pictures,available,94,19,7,,,
fdb81ce3-e1da-48bd-b533-3a35c123cf9f,vehicle.pink,available,94,19,7,,,
fc022e4d-010f-4fcd-9307-056c12de6c1a,vehicle.pizza,available,94,19,7,,,
619e69ef-5a8c-43d3-b654-ee29153eb4a9,vehicle.place,available,94,19,7,,,
e43bfb4f-b985-4cc0-b8f5-f95770818bee,vehicle.plumbing,available,94,19,7,,,
a28c23e1-cae0-4736-afc4-972d413ce886,vehicle.plus,premium,94,19,7,,,
6f343933-53d6-42ca-a315-0276c7a9fa47,vehicle.poker,available,94,19,7,,,
24b0b797-ba05-46a1-b751-4a6a24d891a3,vehicle.porn,available,94,19,7,,,
b905f146-3892-4372-9087-1e5ee77a818e,vehicle.productions,available,94,19,7,,,
d2e8f9fc-e8b0-4607-a6b5-6f122542e16e,vehicle.prof,premium,94,19,7,,,
9d8e9710-8ae5-49c2-8325-c5c443d8ad35,vehicle.promo,premium,94,19,7,,,
a3904d8d-e914-472f-9008-70fe441dca40,vehicle.properties,available,94,19,7,,,
6e08f389-e851-4ada-8d09-a506236cb288,vehicle.property,premium,94,19,7,,,
578e336c-080d-49ef-a460-46fea7320e57,vehicle.protection,available,94,19,7,,,
6d7a0015-e525-42d7-9c7d-1240536f187b,vehicle.pub,available,94,19,7,,,
2b17c403-c330-49d8-b67d-d7671051e945,vehicle.pw,premium,94,19,7,,,
46525b1f-27d1-4d84-b0bd-b006a8c68da5,vehicle.qpon,available,94,19,7,,,
768297eb-c329-4429-a2ca-dd8ce17e8c64,vehicle.quest,premium,94,19,7,,,
04f35e8f-71c1-4beb-95db-b5e9049cebee,vehicle.racing,premium,94,19,7,,,
3456761a-0a72-4a48-a915-518d0b19ffe9,vehicle.realty,available,94,19,7,,,
6b4535aa-0a09-41b6-af43-33bc3effab55,vehicle.recipes,available,94,19,7,,,
7c89ce0e-9860-46cc-ba22-2b7fb35f69ba,vehicle.rehab,available,94,19,7,,,
d89ca067-82b8-46d4-addb-1610b95ece1d,vehicle.reise,available,94,19,7,,,
058ce676-c88c-461b-9192-e354a1f11b05,vehicle.reisen,available,94,19,7,,,
421cbf90-d2e6-4f95-be99-3dc8662d9a5c,vehicle.rent,premium,94,19,7,,,
70ca4aac-8121-46b9-8c9d-2438b5c27945,vehicle.republican,available,94,19,7,,,
2a2ff662-459e-4d3a-9d01-f81065fa58fd,vehicle.rest,premium,94,19,7,,,
5a89eb44-3e1b-4bff-9fae-bf1a1eef082b,vehicle.restaurant,available,94,19,7,,,
6464dd45-4014-4e4f-be91-ee1546c0c358,vehicle.review,premium,94,19,7,,,
12152378-b9a6-46f0-bfa2-aaa9420914c3,vehicle.reviews,premium,94,19,7,,,
fff283d4-feef-4f20-9796-5c885f249d82,vehicle.rich,available,94,19,7,,,
a5aa5cc3-1e02-4d87-a78e-8d71c2cb55b9,vehicle.rip,available,94,19,7,,,
3a899618-66bc-42ad-aca9-374f7cb6bc95,vehicle.rocks,resell,94,19,7,"Sav.com, LLC - 34",06/06/2025 15:15,06/06/2026 15:15
a9c653f8-d681-40bf-8361-121b1e33820c,vehicle.rodeo,available,94,19,7,,,
5c386834-3bc5-4715-a01b-cc5e6b5e7dd0,vehicle.rsvp,premium,94,19,7,,,
9775e36c-7582-4dd6-bad1-f824573a7e9f,vehicle.run,resell,94,19,7,"DNSPod, Inc.",16/04/2018 04:06,16/04/2026 04:06
1980fe00-2596-4f6a-a37a-0344b8d32783,vehicle.sale,premium,94,19,7,,,
f64005cb-bb40-476a-9238-73a9e07d0f4c,vehicle.salon,available,94,19,7,,,
ee2888fa-c953-4e5f-8c0b-f9976103ff28,vehicle.sarl,available,94,19,7,,,
57f88518-4216-4b60-a176-b7abf8abd3fa,vehicle.sbs,premium,94,19,7,,,
bcc1ba0f-f186-4045-9ee7-fc28c378444c,vehicle.school,available,94,19,7,,,
8d84f0c8-02a8-4493-aea9-acbc3106d9ad,vehicle.schule,available,94,19,7,,,
4bbdbfd2-f0b9-4918-8752-dac958e896f9,vehicle.science,premium,94,19,7,,,
f49999d2-5cf3-4865-bf08-8f1ef4e88bb4,vehicle.security,available,94,19,7,,,
9e6f2d07-83f0-4e5b-ac0f-6d7db7849688,vehicle.services,resell,94,19,7,"Sav.com, LLC - 29",04/09/2025 15:15,04/09/2026 15:15
a9b0d8dd-c57e-421b-a794-3aa84abacdb0,vehicle.sexy,available,94,19,7,,,
dfa97b32-9f1f-4a55-bc5a-e8cfdcfd61b0,vehicle.sh,available,94,19,7,,,
27c01fba-bda4-4ca1-b1b0-6d8d720786ca,vehicle.shiksha,available,94,19,7,,,
b836ed0f-2955-4911-b761-96cc11595c9d,vehicle.shoes,available,94,19,7,,,
5192e278-02f6-4d4f-a40b-18081b5364d5,vehicle.shopping,expiring,94,19,7,"Global Domains International, Inc. DBA DomainCostClub.com",26/12/2024 15:16,26/12/2025 15:16
badccc43-c016-427f-b5ae-537b59aeb7b9,vehicle.show,resell,94,19,7,Alibaba Cloud Computing Ltd. d/b/a HiChina (www.net.cn),13/05/2024 15:15,13/05/2026 15:15
178f4c9c-3827-43dd-b11d-a5f456e2e0c0,vehicle.singles,available,94,19,7,,,
09b35592-c128-4ab9-ab70-7113d45b1565,vehicle.ski,available,94,19,7,,,
2a8bc3df-e77d-4e9b-97e4-7da8dc66ad0b,vehicle.skin,available,94,19,7,,,
50922906-5320-4a3c-a254-361c3bd3495f,vehicle.soccer,available,94,19,7,,,
fa9c4006-f82e-4565-a17b-166e7b34c27e,vehicle.social,expiring,94,19,7,"NameSilo, LLC",22/12/2017 07:13,22/12/2025 07:13
44c1d748-b59f-4852-a074-2cc1d5ade174,vehicle.solar,premium,94,19,7,,,
0a0af4d5-ea0b-4516-ae44-7bd51ef8f720,vehicle.solutions,resell,94,19,7,Dynadot Inc,22/10/2020 08:11,22/10/2026 08:11
aa0d2992-d710-45ec-bc98-d54684e8756a,vehicle.soy,premium,94,19,7,,,
ddd8a98c-6afd-48c6-83c5-a17fd9322528,vehicle.space,premium,94,19,7,,,
91c5d04e-e2f1-4edd-8e58-330ff5e94e5f,vehicle.spot,premium,94,19,7,,,
380de9bf-07a0-4fe4-b5de-2e44c18fb734,vehicle.srl,available,94,19,7,,,
8431d11e-bb87-478b-b6dd-12e5afeae1c1,vehicle.store,premium,94,19,7,,,
cc878c80-b579-4f54-9286-b9e7faca6a7d,vehicle.stream,premium,94,19,7,,,
380a0bc8-687e-41e8-8b23-db4d00f8cd0c,vehicle.study,premium,94,19,7,,,
01ac9753-e656-40b9-ab5d-2efc6820ded0,vehicle.sucks,available,94,19,7,,,
beaacb0b-b24e-40c7-a89f-00481281021b,vehicle.supplies,available,94,19,7,,,
71446f49-308d-4920-962e-95d72b5059b0,vehicle.supply,available,94,19,7,,,
f7b6d72f-3d60-4854-ba7a-09bd310cbe86,vehicle.surf,available,94,19,7,,,
8d5b268a-e78e-442a-9c7c-117f346ee5d2,vehicle.surgery,available,94,19,7,,,
cac43cd8-b75b-4c4d-a7ef-9e4803ce3d49,vehicle.sydney,available,94,19,7,,,
d31f6dd0-d7a8-4e74-adac-a7c6a8ee9fc8,vehicle.talk,premium,94,19,7,,,
e946ffb4-1183-4486-a64d-524a89198a5a,vehicle.tattoo,available,94,19,7,,,
a82b94d4-d955-4288-a6e8-590db927186e,vehicle.tax,premium,94,19,7,,,
eb1941bb-2f08-4893-8d81-ba4102fe6772,vehicle.taxi,available,94,19,7,,,
084af4d1-ed91-4c22-832c-0d6bfab0b03a,vehicle.team,resell,94,19,7,"Xiamen ChinaSource Internet Service Co., Ltd",08/12/2018 08:27,08/12/2026 08:27
14d51411-8d2c-424e-9b6a-167947f97559,vehicle.tech,premium,94,19,7,,,
791cb516-2009-41e9-ae8f-9dbd98cfaec2,vehicle.tennis,available,94,19,7,,,
accc536e-3059-43f0-9b11-29bbc884ac23,vehicle.theater,available,94,19,7,,,
33c4beab-24d4-4910-b79d-78c5ba9e6fa4,vehicle.theatre,available,94,19,7,,,
763b43fd-7974-41ef-ab97-976f619cfb45,vehicle.tickets,available,94,19,7,,,
8b609707-3428-4bac-8e75-489def888502,vehicle.tienda,available,94,19,7,,,
4c83d1af-e5fa-4570-a6dd-c36f887d70f8,vehicle.tires,premium,94,19,7,,,
a7cf5801-0ffb-4bde-a956-71d2d581f9e4,vehicle.to,resell,94,19,7,NAMECHEAP,25/09/2024 04:32,01/08/2026 00:00
b43b3deb-164c-4841-86bc-aee0c57a9bc6,vehicle.today,resell,94,19,7,"Xiamen ChinaSource Internet Service Co., Ltd",11/10/2019 12:26,11/10/2026 12:26
1d4f548e-87af-47b0-aad7-5f62daa36b15,vehicle.tools,available,94,19,7,,,
893b3140-5e16-4c05-9ab6-751248e5c0e6,vehicle.top,resell,94,19,7,,05/02/2017 06:49,05/02/2032 06:49
0f0f3980-8213-4f43-9a16-41ea77263a90,vehicle.tours,available,94,19,7,,,
10a9255a-9168-446b-9760-ce5515d76f83,vehicle.town,available,94,19,7,,,
46e95fe1-9322-477f-880f-132d579b3bcb,vehicle.toys,available,94,19,7,,,
10f52840-d298-4557-a8ce-d5a404688ac1,vehicle.trade,resell,94,19,7,Porkbun,31/07/2019 15:23,31/07/2026 15:23
b65b8d0d-b11f-48f5-aa5d-274357427a13,vehicle.training,available,94,19,7,,,
15ecbfb6-8c5b-4533-9829-59c353ffadda,vehicle.travel,available,94,19,7,,,
fe7ff735-33a5-4dd6-96dc-3daf4a4bda77,vehicle.tube,available,94,19,7,,,